ZIP,Total in Working Age,Less than high school graduate,Less than high school graduate~In labor force,Less than high school graduate~In labor force~In Armed Forces,Less than high school graduate~In labor force~Civilian,Less than high school graduate~In labor force~Civilian~Employed,Less than high school graduate~In labor force~Civilian~Unemployed,Less than high school graduate~Not in labor force,High school graduate (includes equivalency),High school graduate (includes equivalency)~In labor force,High school graduate (includes equivalency)~In labor force~In Armed Forces,High school graduate (includes equivalency)~In labor force~Civilian,High school graduate (includes equivalency)~In labor force~Civilian~Employed,High school graduate (includes equivalency)~In labor force~Civilian~Unemployed,High school graduate (includes equivalency)~Not in labor force,Some college or associate's degree,Some college or associate's degree~In labor force,Some college or associate's degree~In labor force~In Armed Forces,Some college or associate's degree~In labor force~Civilian,Some college or associate's degree~In labor force~Civilian~Employed,Some college or associate's degree~In labor force~Civilian~Unemployed,Some college or associate's degree~Not in labor force,Bachelor's degree or higher,Bachelor's degree or higher~In labor force,Bachelor's degree or higher~In labor force~In Armed Forces,Bachelor's degree or higher~In labor force~Civilian,Bachelor's degree or higher~In labor force~Civilian~Employed,Bachelor's degree or higher~In labor force~Civilian~Unemployed,Bachelor's degree or higher~Not in labor force
20105,15148,354,202,0,202,202,0,152,1230,1057,0,1057,988,69,173,3183,2588,13,2575,2567,8,595,10381,9510,55,9455,9240,215,871
20106,2536,105,43,0,43,43,0,62,782,615,0,615,567,48,167,865,642,0,642,618,24,223,784,607,0,607,607,0,177
20109,23888,4588,3598,0,3598,3582,16,990,5484,4557,0,4557,4285,272,927,5946,5479,39,5440,5109,331,467,7870,7049,25,7024,6855,169,821
20110,26546,4306,3259,0,3259,3194,65,1047,6890,5087,0,5087,4850,237,1803,7183,5915,0,5915,5801,114,1268,8167,7046,83,6963,6837,126,1121
20111,20115,4180,3096,0,3096,2882,214,1084,5018,4536,0,4536,4374,162,482,5120,4473,23,4450,4318,132,647,5797,5293,27,5266,5214,52,504
20112,14763,536,338,0,338,335,3,198,2184,1700,0,1700,1584,116,484,4580,3473,42,3431,3356,75,1107,7463,6716,120,6596,6415,181,747
20115,4012,343,278,0,278,266,12,65,913,787,0,787,781,6,126,1213,1048,9,1039,1014,25,165,1543,1317,0,1317,1309,8,226
20117,1401,66,66,0,66,66,0,0,163,87,0,87,87,0,76,502,346,0,346,346,0,156,670,513,2,511,493,18,157
20119,2338,374,305,0,305,305,0,69,518,383,0,383,374,9,135,741,648,0,648,635,13,93,705,543,0,543,502,41,162
20120,23546,1017,719,0,719,656,63,298,2965,2639,18,2621,2446,175,326,4627,3694,35,3659,3598,61,933,14937,12969,66,12903,12457,446,1968
20121,17157,1045,728,0,728,717,11,317,3103,2437,0,2437,2383,54,666,3785,3391,14,3377,3305,72,394,9224,8053,77,7976,7802,174,1171
20124,7921,198,128,0,128,128,0,70,786,576,0,576,487,89,210,1046,920,5,915,915,0,126,5891,5014,54,4960,4829,131,877
20129,317,0,0,0,0,0,0,0,14,14,0,14,14,0,0,26,26,0,26,26,0,0,277,229,0,229,229,0,48
20130,114,13,13,0,13,13,0,0,21,6,0,6,6,0,15,7,7,0,7,7,0,0,73,55,0,55,55,0,18
20132,9655,563,402,0,402,402,0,161,1080,892,0,892,877,15,188,2418,2113,0,2113,2038,75,305,5594,4964,46,4918,4736,182,630
20135,1873,31,31,0,31,31,0,0,456,416,0,416,416,0,40,427,371,0,371,355,16,56,959,896,0,896,896,0,63
20136,16952,753,668,0,668,668,0,85,2607,2192,8,2184,2052,132,415,3947,3402,0,3402,3232,170,545,9645,8819,132,8687,8443,244,826
20137,967,69,47,0,47,37,10,22,164,91,0,91,91,0,73,226,200,0,200,200,0,26,508,382,0,382,378,4,126
20141,3737,30,24,0,24,24,0,6,461,380,0,380,380,0,81,935,762,0,762,727,35,173,2311,2070,8,2062,2014,48,241
20143,332,11,0,0,0,0,0,11,70,48,0,48,48,0,22,135,112,0,112,112,0,23,116,79,0,79,79,0,37
20144,464,82,38,0,38,38,0,44,118,97,0,97,97,0,21,115,92,0,92,92,0,23,149,122,0,122,107,15,27
20147,35166,1318,844,0,844,815,29,474,2647,2282,0,2282,2235,47,365,7078,5876,13,5863,5722,141,1202,24123,21561,195,21366,20804,562,2562
20148,30428,1009,468,0,468,430,38,541,1784,1556,18,1538,1508,30,228,3989,3325,7,3318,3187,131,664,23646,21450,120,21330,20911,419,2196
20151,12230,1136,1000,0,1000,991,9,136,1838,1349,0,1349,1336,13,489,2327,1855,0,1855,1775,80,472,6929,6139,32,6107,5912,195,790
20152,21284,744,628,0,628,533,95,116,2185,1676,0,1676,1582,94,509,3457,3034,44,2990,2796,194,423,14898,13694,218,13476,13134,342,1204
20155,18366,505,432,0,432,419,13,73,2904,2087,0,2087,2076,11,817,4914,4118,81,4037,3956,81,796,10043,9028,62,8966,8833,133,1015
20158,2324,58,20,0,20,20,0,38,186,130,0,130,130,0,56,601,487,0,487,463,24,114,1479,1400,120,1280,1257,23,79
20164,22825,4345,3569,0,3569,3408,161,776,4364,3806,12,3794,3633,161,558,5522,4755,30,4725,4556,169,767,8594,7690,45,7645,7326,319,904
20165,18330,597,484,0,484,423,61,113,1537,1124,0,1124,1095,29,413,3483,2964,0,2964,2904,60,519,12713,11518,55,11463,11250,213,1195
20166,7451,684,530,0,530,530,0,154,1184,959,0,959,950,9,225,1285,1184,6,1178,1178,0,101,4298,3973,11,3962,3926,36,325
20169,12778,305,201,0,201,139,62,104,1300,1159,0,1159,1093,66,141,3394,2671,55,2616,2556,60,723,7779,6928,44,6884,6839,45,851
20170,24943,3513,3244,0,3244,3222,22,269,3333,2893,0,2893,2816,77,440,4036,3382,125,3257,3125,132,654,14061,12533,28,12505,12242,263,1528
20171,29157,764,549,0,549,549,0,215,2419,2062,21,2041,1931,110,357,3865,3109,16,3093,3027,66,756,22109,19563,109,19454,19240,214,2546
20175,19962,764,608,0,608,557,51,156,2948,2280,28,2252,2135,117,668,3725,2975,14,2961,2824,137,750,12525,10679,104,10575,10340,235,1846
20176,27983,1800,1331,0,1331,1212,119,469,3200,2729,0,2729,2709,20,471,6169,5406,85,5321,5259,62,763,16814,14871,53,14818,14552,266,1943
20180,4152,172,138,0,138,138,0,34,746,601,0,601,470,131,145,968,824,7,817,804,13,144,2266,1915,0,1915,1829,86,351
20181,4808,199,147,0,147,147,0,52,1337,989,0,989,981,8,348,1313,1040,0,1040,996,44,273,1959,1780,9,1771,1758,13,179
20184,246,0,0,0,0,0,0,0,71,57,0,57,57,0,14,91,91,0,91,91,0,0,84,43,0,43,43,0,41
20186,7744,413,297,0,297,257,40,116,1614,1256,21,1235,1193,42,358,2677,2316,20,2296,2237,59,361,3040,2587,0,2587,2470,117,453
20187,9842,351,170,0,170,170,0,181,1640,1179,12,1167,1125,42,461,3157,2482,0,2482,2473,9,675,4694,4135,4,4131,4081,50,559
20190,12183,329,297,0,297,297,0,32,956,733,16,717,622,95,223,1696,1446,0,1446,1440,6,250,9202,8359,16,8343,8147,196,843
20191,16401,1045,863,0,863,846,17,182,2069,1624,0,1624,1518,106,445,3238,2682,0,2682,2590,92,556,10049,9011,43,8968,8683,285,1038
20194,7384,55,55,0,55,55,0,0,298,239,0,239,239,0,59,923,721,7,714,708,6,202,6108,5390,38,5352,5191,161,718
20197,1422,0,0,0,0,0,0,0,154,121,0,121,121,0,33,357,244,0,244,139,105,113,911,688,0,688,677,11,223
20198,880,53,20,0,20,20,0,33,133,116,0,116,116,0,17,209,163,0,163,151,12,46,485,436,0,436,436,0,49
22003,30480,4043,3044,0,3044,2997,47,999,5036,3930,8,3922,3836,86,1106,6314,5230,56,5174,4956,218,1084,15087,13421,208,13213,12861,352,1666
22015,23698,860,712,0,712,580,132,148,2586,2130,8,2122,1964,158,456,5153,4112,46,4066,3905,161,1041,15099,13093,469,12624,12241,383,2006
22025,10141,294,174,0,174,174,0,120,1567,1196,0,1196,1170,26,371,2864,2394,72,2322,2195,127,470,5416,4722,216,4506,4277,229,694
22026,8404,836,526,0,526,487,39,310,2072,1672,10,1662,1597,65,400,2550,2059,51,2008,1903,105,491,2946,2825,19,2806,2746,60,121
22027,1168,42,42,0,42,21,21,0,39,33,0,33,33,0,6,154,104,0,104,104,0,50,933,709,0,709,701,8,224
22030,31325,1816,1299,0,1299,1246,53,517,3296,2397,28,2369,2234,135,899,5160,3921,0,3921,3710,211,1239,21053,18597,231,18366,18108,258,2456
22031,20820,995,572,0,572,572,0,423,1581,1309,0,1309,1295,14,272,2833,2465,18,2447,2393,54,368,15411,13684,328,13356,13127,229,1727
22032,16227,538,292,0,292,292,0,246,1807,1456,0,1456,1376,80,351,2850,2261,27,2234,2111,123,589,11032,9663,206,9457,9153,304,1369
22033,22739,550,462,0,462,451,11,88,1733,1401,0,1401,1340,61,332,4283,3457,75,3382,3250,132,826,16173,14125,79,14046,13749,297,2048
22035,166,17,17,0,17,17,0,0,0,0,0,0,0,0,0,65,65,0,65,65,0,0,84,84,0,84,84,0,0
22039,9125,130,78,0,78,78,0,52,571,460,0,460,433,27,111,1165,909,0,909,909,0,256,7259,6064,170,5894,5649,245,1195
22041,15498,3308,2146,0,2146,2057,89,1162,2246,1707,0,1707,1596,111,539,2763,2364,0,2364,2313,51,399,7181,6427,40,6387,6073,314,754
22042,21140,2804,2345,0,2345,2147,198,459,3084,2430,0,2430,2341,89,654,3337,2906,20,2886,2833,53,431,11915,10774,117,10657,10347,310,1141
22043,14636,992,890,0,890,890,0,102,1326,826,0,826,774,52,500,2189,1875,0,1875,1792,83,314,10129,8677,118,8559,8382,177,1452
22044,7620,1287,1006,0,1006,1006,0,281,1300,955,0,955,949,6,345,917,695,3,692,620,72,222,4116,3610,46,3564,3411,153,506
22046,10198,391,320,0,320,320,0,71,959,805,0,805,789,16,154,1031,831,0,831,810,21,200,7817,7081,108,6973,6848,125,736
22060,4112,78,55,0,55,55,0,23,387,251,79,172,154,18,136,1667,1081,509,572,496,76,586,1980,1624,772,852,797,55,356
22066,8523,47,17,0,17,17,0,30,432,349,0,349,282,67,83,875,662,0,662,616,46,213,7169,5708,16,5692,5487,205,1461
22079,20561,1348,1058,0,1058,945,113,290,3488,2898,0,2898,2851,47,590,5149,4385,38,4347,4166,181,764,10576,9314,669,8645,8471,174,1262
22101,14514,283,217,0,217,217,0,66,261,179,0,179,165,14,82,1130,802,19,783,762,21,328,12840,10395,89,10306,10104,202,2445
22102,15525,288,218,0,218,218,0,70,618,449,0,449,309,140,169,1347,1105,0,1105,1040,65,242,13272,11521,56,11465,11107,358,1751
22124,9722,214,128,0,128,93,35,86,381,286,0,286,267,19,95,1111,836,0,836,821,15,275,8016,6984,7,6977,6905,72,1032
22125,567,0,0,0,0,0,0,0,75,72,0,72,72,0,3,195,189,0,189,166,23,6,297,270,0,270,267,3,27
22134,2553,60,29,0,29,24,5,31,572,517,352,165,165,0,55,757,591,344,247,236,11,166,1164,974,656,318,304,14,190
22150,14959,2295,1826,0,1826,1759,67,469,2866,2287,16,2271,2191,80,579,3556,3060,67,2993,2772,221,496,6242,5474,324,5150,5063,87,768
22151,9356,1458,1274,0,1274,1274,0,184,1430,1109,0,1109,1060,49,321,2003,1699,0,1699,1648,51,304,4465,4059,162,3897,3792,105,406
22152,15387,911,656,0,656,638,18,255,2043,1606,28,1578,1557,21,437,2947,2410,17,2393,2359,34,537,9486,8483,441,8042,7797,245,1003
22153,17128,834,643,0,643,520,123,191,1745,1484,29,1455,1284,171,261,3648,3010,80,2930,2739,191,638,10901,9685,347,9338,9111,227,1216
22172,6249,962,690,0,690,604,86,272,1120,902,0,902,797,105,218,1799,1328,19,1309,1229,80,471,2368,2085,100,1985,1935,50,283
22180,12901,507,374,0,374,363,11,133,806,610,0,610,610,0,196,1691,1283,33,1250,1199,51,408,9897,8758,62,8696,8530,166,1139
22181,7446,200,176,0,176,176,0,24,286,219,0,219,196,23,67,823,550,0,550,550,0,273,6137,5393,83,5310,5138,172,744
22182,13672,299,198,0,198,163,35,101,599,437,0,437,419,18,162,1499,1125,0,1125,1077,48,374,11275,9263,99,9164,8874,290,2012
22191,41500,5656,4204,0,4204,3665,539,1452,8722,7354,46,7308,6695,613,1368,11581,10271,315,9956,9403,553,1310,15541,14317,576,13741,13393,348,1224
22192,32176,2741,1662,0,1662,1527,135,1079,5786,4827,7,4820,4585,235,959,9576,7957,234,7723,7490,233,1619,14073,12472,433,12039,11857,182,1601
22193,45419,6459,4673,0,4673,4420,253,1786,9835,8271,28,8243,7734,509,1564,12957,11023,188,10835,10543,292,1934,16168,14168,368,13800,13437,363,2000
22201,27164,563,343,0,343,343,0,220,1046,714,0,714,661,53,332,1809,1399,33,1366,1291,75,410,23746,22382,214,22168,21771,397,1364
22202,18698,131,83,0,83,82,1,48,646,572,0,572,560,12,74,1609,1315,136,1179,1156,23,294,16312,15172,523,14649,14333,316,1140
22203,15946,706,649,0,649,609,40,57,906,676,0,676,667,9,230,1186,1038,0,1038,1001,37,148,13148,12125,107,12018,11745,273,1023
22204,33369,3308,2784,0,2784,2684,100,524,4199,3481,22,3459,3318,141,718,5218,4399,40,4359,4081,278,819,20644,19226,408,18818,18419,399,1418
22205,9987,475,425,0,425,362,63,50,772,681,0,681,597,84,91,854,661,0,661,661,0,193,7886,7120,112,7008,6933,75,766
22206,14583,768,662,0,662,661,1,106,578,429,0,429,401,28,149,1899,1578,59,1519,1463,56,321,11338,10576,400,10176,9985,191,762
22207,17494,388,134,0,134,134,0,254,1143,809,0,809,767,42,334,1520,978,0,978,962,16,542,14443,12667,176,12491,12316,175,1776
22209,9194,390,309,0,309,101,208,81,347,346,0,346,252,94,1,875,734,0,734,564,170,141,7582,6894,34,6860,6600,260,688
22211,261,6,0,0,0,0,0,6,43,38,38,0,0,0,5,108,82,63,19,19,0,26,104,94,82,12,12,0,10
22213,2651,187,187,0,187,187,0,0,232,60,0,60,58,2,172,215,205,0,205,205,0,10,2017,1710,28,1682,1670,12,307
22214,0,0,0,0,0,0,0,0,0,0,0,0,0,0,0,0,0,0,0,0,0,0,0,0,0,0,0,0,0
22301,8320,137,110,0,110,110,0,27,261,173,0,173,166,7,88,672,589,8,581,560,21,83,7250,6656,289,6367,6295,72,594
22302,11957,526,381,0,381,381,0,145,1097,926,0,926,919,7,171,1597,1415,6,1409,1248,161,182,8737,8129,103,8026,7803,223,608
22303,9728,763,597,0,597,597,0,166,1090,913,14,899,829,70,177,1571,1438,74,1364,1329,35,133,6304,5937,257,5680,5510,170,367
22304,30980,2159,1676,0,1676,1393,283,483,3690,3048,34,3014,2915,99,642,6635,5689,177,5512,5201,311,946,18496,16927,898,16029,15665,364,1569
22305,11612,1669,1361,10,1351,1351,0,308,1495,1170,38,1132,1077,55,325,1611,1317,57,1260,1260,0,294,6837,6341,241,6100,6030,70,496
22306,17825,2854,2155,0,2155,2006,149,699,3756,2980,21,2959,2753,206,776,4032,3427,65,3362,3091,271,605,7183,6381,436,5945,5674,271,802
22307,5389,233,197,0,197,189,8,36,337,256,0,256,239,17,81,1030,903,0,903,824,79,127,3789,3389,135,3254,3144,110,400
22308,6200,120,82,0,82,82,0,38,367,247,0,247,233,14,120,656,454,0,454,454,0,202,5057,4363,233,4130,4040,90,694
22309,19939,2786,2524,0,2524,2524,0,262,4228,3329,0,3329,3126,203,899,4790,3725,63,3662,3377,285,1065,8135,7160,334,6826,6697,129,975
22310,18001,1132,894,0,894,859,35,238,2233,1641,4,1637,1537,100,592,3458,3065,109,2956,2893,63,393,11178,10242,557,9685,9268,417,936
22311,11977,1404,1036,0,1036,960,76,368,1427,1009,0,1009,979,30,418,3543,3293,54,3239,3212,27,250,5603,5017,49,4968,4868,100,586
22312,18317,2162,1835,7,1828,1749,79,327,3520,3109,0,3109,3047,62,411,3971,3112,29,3083,2969,114,859,8664,7932,201,7731,7570,161,732
22314,23507,491,248,0,248,214,34,243,1514,1131,30,1101,1025,76,383,2644,2089,81,2008,1949,59,555,18858,17207,741,16466,16170,296,1651
22315,17197,511,345,0,345,345,0,166,1863,1404,24,1380,1285,95,459,3630,2807,129,2678,2578,100,823,11193,10157,478,9679,9535,144,1036
22401,14402,1221,851,0,851,794,57,370,3059,2261,0,2261,2078,183,798,3747,3004,8,2996,2767,229,743,6375,5912,52,5860,5807,53,463
22405,17062,673,463,0,463,449,14,210,4064,2943,0,2943,2903,40,1121,4704,3749,157,3592,3468,124,955,7621,6529,65,6464,6399,65,1092
22406,13347,556,274,0,274,265,9,282,2930,2449,47,2402,2338,64,481,4677,3624,41,3583,3372,211,1053,5184,4541,97,4444,4352,92,643
22407,30853,2369,1629,0,1629,1575,54,740,9108,7053,55,6998,6572,426,2055,9617,7802,47,7755,7456,299,1815,9759,8469,29,8440,8154,286,1290
22408,16798,1204,708,0,708,678,30,496,3470,2918,2,2916,2718,198,552,5162,4279,107,4172,4004,168,883,6962,6192,140,6052,5990,62,770
22427,2253,150,82,0,82,82,0,68,777,583,145,438,394,44,194,660,451,62,389,389,0,209,666,663,281,382,382,0,3
22432,132,0,0,0,0,0,0,0,132,64,0,64,64,0,68,0,0,0,0,0,0,0,0,0,0,0,0,0,0
22433,215,0,0,0,0,0,0,0,123,112,0,112,112,0,11,92,92,0,92,92,0,0,0,0,0,0,0,0,0
22435,1202,85,72,0,72,72,0,13,403,325,0,325,325,0,78,471,375,0,375,345,30,96,243,214,0,214,214,0,29
22436,326,46,38,0,38,38,0,8,134,83,0,83,76,7,51,110,110,0,110,110,0,0,36,26,0,26,26,0,10
22437,382,47,47,0,47,47,0,0,126,69,0,69,69,0,57,209,182,0,182,182,0,27,0,0,0,0,0,0,0
22438,187,0,0,0,0,0,0,0,69,57,0,57,57,0,12,60,60,0,60,60,0,0,58,58,0,58,58,0,0
22443,4191,556,342,0,342,253,89,214,1478,1085,120,965,840,125,393,1326,949,0,949,916,33,377,831,649,6,643,576,67,182
22448,320,7,0,0,0,0,0,7,70,56,47,9,9,0,14,134,74,48,26,24,2,60,109,88,14,74,70,4,21
22454,1043,183,81,0,81,81,0,102,276,242,0,242,220,22,34,471,167,0,167,167,0,304,113,64,0,64,64,0,49
22460,609,33,23,0,23,23,0,10,196,159,0,159,159,0,37,171,152,0,152,152,0,19,209,135,0,135,135,0,74
22469,971,155,0,0,0,0,0,155,483,139,0,139,139,0,344,155,71,0,71,71,0,84,178,178,0,178,178,0,0
22473,1986,249,126,0,126,126,0,123,877,661,0,661,574,87,216,433,341,0,341,341,0,92,427,267,0,267,267,0,160
22476,147,33,33,0,33,33,0,0,73,73,0,73,73,0,0,29,29,0,29,29,0,0,12,12,0,12,12,0,0
22480,170,10,1,0,1,1,0,9,24,20,0,20,20,0,4,46,19,0,19,15,4,27,90,70,0,70,63,7,20
22482,1495,63,59,0,59,48,11,4,411,262,0,262,246,16,149,618,431,0,431,403,28,187,403,255,0,255,255,0,148
22485,13955,929,759,0,759,701,58,170,3608,2689,63,2626,2517,109,919,4383,3629,59,3570,3480,90,754,5035,4448,47,4401,4303,98,587
22488,310,23,23,0,23,8,15,0,109,96,0,96,96,0,13,158,123,0,123,94,29,35,20,11,0,11,11,0,9
22503,1707,234,53,0,53,53,0,181,580,490,0,490,221,269,90,465,362,0,362,362,0,103,428,332,0,332,326,6,96
22504,20,0,0,0,0,0,0,0,11,11,0,11,11,0,0,4,4,0,4,4,0,0,5,5,0,5,5,0,0
22508,7413,603,319,0,319,319,0,284,1905,1486,0,1486,1460,26,419,2747,1996,0,1996,1954,42,751,2158,1895,0,1895,1875,20,263
22509,46,0,0,0,0,0,0,0,10,10,0,10,10,0,0,36,27,0,27,27,0,9,0,0,0,0,0,0,0
22511,234,0,0,0,0,0,0,0,50,43,0,43,43,0,7,113,54,0,54,54,0,59,71,64,0,64,64,0,7
22514,1135,118,64,0,64,64,0,54,326,260,0,260,227,33,66,347,299,0,299,281,18,48,344,278,0,278,278,0,66
22520,3084,418,175,0,175,156,19,243,1099,951,0,951,733,218,148,936,817,0,817,679,138,119,631,517,0,517,472,45,114
22529,11,0,0,0,0,0,0,0,0,0,0,0,0,0,0,7,0,0,0,0,0,7,4,4,0,4,4,0,0
22534,1455,194,135,0,135,126,9,59,724,451,0,451,442,9,273,344,315,0,315,291,24,29,193,158,0,158,140,18,35
22535,169,21,21,0,21,21,0,0,69,45,0,45,45,0,24,31,31,0,31,31,0,0,48,48,0,48,48,0,0
22538,117,67,67,0,67,67,0,0,28,5,0,5,5,0,23,22,22,0,22,22,0,0,0,0,0,0,0,0,0
22539,783,45,0,0,0,0,0,45,133,93,0,93,53,40,40,236,182,0,182,182,0,54,369,265,0,265,265,0,104
22542,1031,83,83,0,83,83,0,0,520,458,0,458,458,0,62,265,210,0,210,184,26,55,163,74,0,74,61,13,89
22546,8498,430,221,0,221,203,18,209,3274,2783,0,2783,2738,45,491,2925,2534,8,2526,2520,6,391,1869,1576,19,1557,1520,37,293
22548,124,0,0,0,0,0,0,0,0,0,0,0,0,0,0,72,0,0,0,0,0,72,52,52,0,52,52,0,0
22551,10531,1201,651,0,651,591,60,550,3319,2358,0,2358,2286,72,961,3278,2558,35,2523,2417,106,720,2733,2190,0,2190,2146,44,543
22553,8455,335,155,0,155,155,0,180,2065,1787,50,1737,1619,118,278,3301,2756,17,2739,2679,60,545,2754,2326,60,2266,2233,33,428
22554,33172,2080,1320,15,1305,1239,66,760,6668,4594,100,4494,4398,96,2074,9336,7251,336,6915,6744,171,2085,15088,13305,561,12744,12481,263,1783
22556,16779,1801,1165,0,1165,1092,73,636,3237,2478,6,2472,2332,140,759,5150,3972,188,3784,3650,134,1178,6591,5552,236,5316,5312,4,1039
22560,3146,450,329,0,329,278,51,121,1293,917,0,917,884,33,376,929,780,0,780,732,48,149,474,430,0,430,398,32,44
22567,1793,175,166,0,166,166,0,9,696,514,0,514,514,0,182,641,540,0,540,529,11,101,281,206,0,206,206,0,75
22572,4322,768,206,0,206,206,0,562,1567,645,0,645,572,73,922,1247,728,0,728,726,2,519,740,600,0,600,600,0,140
22576,756,72,16,0,16,16,0,56,203,168,0,168,168,0,35,235,213,0,213,213,0,22,246,150,0,150,150,0,96
22578,1327,94,40,0,40,39,1,54,443,305,0,305,303,2,138,352,235,0,235,234,1,117,438,350,0,350,350,0,88
22580,3078,405,172,0,172,172,0,233,1365,1082,0,1082,1040,42,283,686,507,0,507,501,6,179,622,531,0,531,531,0,91
22601,14832,1792,1230,0,1230,1113,117,562,3722,3166,0,3166,2759,407,556,4388,3481,48,3433,3398,35,907,4930,4297,97,4200,4122,78,633
22602,15895,1418,1072,0,1072,982,90,346,4897,3978,0,3978,3889,89,919,4929,4251,0,4251,4164,87,678,4651,3988,35,3953,3907,46,663
22603,7976,877,438,0,438,425,13,439,2974,1790,0,1790,1769,21,1184,2302,1796,12,1784,1711,73,506,1823,1677,69,1608,1570,38,146
22610,699,67,36,0,36,31,5,31,363,283,0,283,283,0,80,205,189,0,189,187,2,16,64,40,0,40,40,0,24
22611,4644,353,253,0,253,253,0,100,1211,798,0,798,749,49,413,1417,1267,0,1267,1208,59,150,1663,1382,14,1368,1336,32,281
22620,1524,135,88,0,88,88,0,47,369,334,0,334,332,2,35,457,339,0,339,339,0,118,563,491,0,491,484,7,72
22623,496,74,50,0,50,50,0,24,106,57,0,57,57,0,49,257,253,0,253,253,0,4,59,59,0,59,59,0,0
22624,1524,169,70,0,70,70,0,99,521,445,0,445,403,42,76,404,327,0,327,319,8,77,430,383,0,383,360,23,47
22625,1827,82,82,0,82,82,0,0,665,512,0,512,491,21,153,622,459,48,411,398,13,163,458,422,0,422,422,0,36
22627,350,0,0,0,0,0,0,0,121,25,0,25,25,0,96,53,53,0,53,53,0,0,176,125,0,125,125,0,51
22630,17957,1867,1260,0,1260,1157,103,607,6543,4719,0,4719,4258,461,1824,5588,4375,4,4371,4189,182,1213,3959,3393,0,3393,3356,37,566
22637,1173,311,61,0,61,61,0,250,466,385,0,385,385,0,81,234,168,0,168,168,0,66,162,114,0,114,114,0,48
22639,242,21,10,0,10,10,0,11,45,32,0,32,32,0,13,104,104,0,104,104,0,0,72,54,0,54,54,0,18
22640,137,16,16,0,16,16,0,0,43,24,0,24,24,0,19,34,34,0,34,34,0,0,44,35,0,35,35,0,9
22641,128,0,0,0,0,0,0,0,29,29,0,29,29,0,0,72,56,0,56,56,0,16,27,18,0,18,18,0,9
22642,2757,319,146,0,146,146,0,173,729,656,0,656,626,30,73,1107,857,0,857,713,144,250,602,462,0,462,448,14,140
22643,168,0,0,0,0,0,0,0,19,19,0,19,19,0,0,54,54,0,54,54,0,0,95,29,0,29,29,0,66
22644,1250,118,104,0,104,104,0,14,521,378,0,378,357,21,143,375,314,0,314,291,23,61,236,227,0,227,215,12,9
22645,2158,211,133,0,133,133,0,78,773,590,0,590,590,0,183,665,566,0,566,554,12,99,509,487,0,487,476,11,22
22646,13,0,0,0,0,0,0,0,0,0,0,0,0,0,0,13,6,0,6,6,0,7,0,0,0,0,0,0,0
22650,274,15,15,0,15,15,0,0,116,99,0,99,99,0,17,37,31,0,31,31,0,6,106,71,0,71,63,8,35
22652,736,78,47,0,47,33,14,31,280,209,0,209,209,0,71,232,209,0,209,188,21,23,146,105,0,105,105,0,41
22654,505,79,79,0,79,52,27,0,87,41,0,41,41,0,46,139,129,0,129,97,32,10,200,200,0,200,200,0,0
22655,11686,1190,836,0,836,655,181,354,3313,2782,0,2782,2754,28,531,3855,3317,0,3317,3180,137,538,3328,2835,4,2831,2812,19,493
22656,2066,164,133,0,133,133,0,31,502,490,0,490,473,17,12,737,554,0,554,554,0,183,663,612,30,582,582,0,51
22657,5249,432,211,0,211,194,17,221,1875,1491,28,1463,1398,65,384,1923,1435,2,1433,1407,26,488,1019,866,12,854,825,29,153
22660,1161,188,179,0,179,129,50,9,650,580,0,580,574,6,70,227,163,1,162,144,18,64,96,65,0,65,65,0,31
22663,323,55,55,0,55,54,1,0,57,10,0,10,10,0,47,94,83,0,83,83,0,11,117,117,0,117,117,0,0
22664,4478,536,354,0,354,354,0,182,1505,1298,0,1298,1276,22,207,1406,1129,0,1129,1119,10,277,1031,833,0,833,821,12,198
22701,17985,2102,1389,0,1389,1314,75,713,5056,4049,55,3994,3795,199,1007,6237,5393,9,5384,5255,129,844,4590,3730,0,3730,3621,109,860
22709,711,16,0,0,0,0,0,16,237,205,0,205,205,0,32,291,238,0,238,238,0,53,167,167,0,167,167,0,0
22711,0,0,0,0,0,0,0,0,0,0,0,0,0,0,0,0,0,0,0,0,0,0,0,0,0,0,0,0,0
22712,4712,592,416,0,416,416,0,176,1379,1171,0,1171,1103,68,208,1764,1535,0,1535,1516,19,229,977,888,5,883,883,0,89
22713,789,115,98,0,98,98,0,17,341,298,0,298,298,0,43,220,128,0,128,128,0,92,113,100,0,100,100,0,13
22714,441,38,8,0,8,8,0,30,164,149,0,149,149,0,15,107,88,0,88,88,0,19,132,118,0,118,118,0,14
22715,625,38,38,0,38,38,0,0,193,133,0,133,133,0,60,166,71,0,71,71,0,95,228,205,0,205,205,0,23
22716,496,0,0,0,0,0,0,0,81,81,0,81,81,0,0,313,286,0,286,286,0,27,102,49,0,49,49,0,53
22718,414,79,37,0,37,37,0,42,169,82,0,82,82,0,87,67,55,0,55,55,0,12,99,30,0,30,30,0,69
22719,26,0,0,0,0,0,0,0,26,26,0,26,26,0,0,0,0,0,0,0,0,0,0,0,0,0,0,0,0
22720,591,18,9,0,9,9,0,9,254,243,0,243,243,0,11,176,141,0,141,141,0,35,143,103,8,95,95,0,40
22722,139,0,0,0,0,0,0,0,68,59,0,59,33,26,9,71,71,0,71,71,0,0,0,0,0,0,0,0,0
22723,14,0,0,0,0,0,0,0,0,0,0,0,0,0,0,0,0,0,0,0,0,0,14,14,0,14,14,0,0
22724,1252,50,50,0,50,50,0,0,259,259,0,259,243,16,0,520,407,0,407,378,29,113,423,395,0,395,395,0,28
22726,536,9,9,0,9,9,0,0,307,277,0,277,231,46,30,185,89,0,89,74,15,96,35,35,0,35,35,0,0
22727,3081,282,194,0,194,194,0,88,1224,918,0,918,909,9,306,830,732,0,732,732,0,98,745,568,0,568,568,0,177
22728,1329,115,86,0,86,86,0,29,444,354,0,354,354,0,90,471,356,0,356,356,0,115,299,284,0,284,284,0,15
22729,1146,309,10,0,10,10,0,299,554,80,0,80,80,0,474,238,24,0,24,24,0,214,45,5,0,5,5,0,40
22730,86,0,0,0,0,0,0,0,40,40,0,40,40,0,0,46,46,0,46,46,0,0,0,0,0,0,0,0,0
22731,12,0,0,0,0,0,0,0,0,0,0,0,0,0,0,0,0,0,0,0,0,0,12,12,0,12,12,0,0
22732,65,0,0,0,0,0,0,0,0,0,0,0,0,0,0,0,0,0,0,0,0,0,65,52,0,52,52,0,13
22733,694,76,62,0,62,62,0,14,298,271,0,271,271,0,27,148,113,0,113,113,0,35,172,172,0,172,172,0,0
22734,1981,419,350,0,350,315,35,69,571,510,0,510,493,17,61,608,509,0,509,509,0,99,383,347,3,344,332,12,36
22735,1330,243,171,0,171,171,0,72,550,409,0,409,409,0,141,422,354,0,354,343,11,68,115,101,0,101,101,0,14
22736,508,118,41,0,41,41,0,77,117,48,0,48,48,0,69,222,194,0,194,194,0,28,51,51,0,51,12,39,0
22737,1700,224,194,0,194,163,31,30,753,571,0,571,544,27,182,410,301,0,301,286,15,109,313,267,0,267,267,0,46
22738,620,22,0,0,0,0,0,22,94,94,0,94,94,0,0,272,210,0,210,176,34,62,232,218,0,218,218,0,14
22740,461,29,29,0,29,29,0,0,223,214,0,214,173,41,9,85,85,0,85,85,0,0,124,108,0,108,108,0,16
22741,102,40,40,0,40,40,0,0,0,0,0,0,0,0,0,14,14,0,14,14,0,0,48,25,0,25,25,0,23
22742,1043,119,82,0,82,82,0,37,440,354,0,354,346,8,86,293,151,0,151,151,0,142,191,147,0,147,147,0,44
22743,54,0,0,0,0,0,0,0,0,0,0,0,0,0,0,0,0,0,0,0,0,0,54,32,0,32,32,0,22
22747,538,63,54,0,54,54,0,9,118,78,0,78,78,0,40,63,43,0,43,43,0,20,294,230,0,230,230,0,64
22749,114,0,0,0,0,0,0,0,25,25,0,25,25,0,0,27,13,0,13,13,0,14,62,62,0,62,62,0,0
22801,16269,1834,1519,0,1519,1470,49,315,3420,2549,0,2549,2529,20,871,3686,2837,0,2837,2713,124,849,7329,6412,11,6401,6279,122,917
22802,16137,3170,2168,0,2168,2073,95,1002,5383,4057,0,4057,3825,232,1326,3128,2460,10,2450,2353,97,668,4456,3906,0,3906,3776,130,550
22807,0,0,0,0,0,0,0,0,0,0,0,0,0,0,0,0,0,0,0,0,0,0,0,0,0,0,0,0,0
22810,262,0,0,0,0,0,0,0,82,51,0,51,51,0,31,98,98,0,98,98,0,0,82,82,0,82,82,0,0
22811,287,55,28,0,28,19,9,27,158,158,0,158,158,0,0,24,21,0,21,21,0,3,50,37,0,37,37,0,13
22812,3543,261,157,0,157,157,0,104,978,789,0,789,778,11,189,834,720,0,720,612,108,114,1470,1311,0,1311,1307,4,159
22815,4629,891,643,0,643,569,74,248,1916,1593,0,1593,1515,78,323,969,868,0,868,857,11,101,853,773,0,773,764,9,80
22820,138,0,0,0,0,0,0,0,64,64,0,64,46,18,0,74,74,0,74,74,0,0,0,0,0,0,0,0,0
22821,3055,718,599,0,599,599,0,119,1049,829,0,829,828,1,220,670,569,4,565,565,0,101,618,563,0,563,547,16,55
22824,3247,225,128,0,128,128,0,97,1534,1275,0,1275,1232,43,259,830,669,0,669,633,36,161,658,578,0,578,578,0,80
22827,5527,806,477,7,470,470,0,329,2419,1885,0,1885,1830,55,534,1623,1458,0,1458,1458,0,165,679,615,0,615,613,2,64
22830,1064,242,195,0,195,195,0,47,478,380,0,380,380,0,98,201,110,0,110,110,0,91,143,127,0,127,127,0,16
22831,564,108,32,0,32,32,0,76,299,231,0,231,231,0,68,73,73,0,73,73,0,0,84,84,0,84,84,0,0
22832,367,92,92,0,92,92,0,0,74,58,0,58,58,0,16,79,71,0,71,71,0,8,122,113,0,113,104,9,9
22834,474,27,19,0,19,19,0,8,220,194,0,194,194,0,26,112,104,0,104,104,0,8,115,107,0,107,100,7,8
22835,6273,865,510,0,510,460,50,355,2713,1871,0,1871,1847,24,842,1594,1417,0,1417,1363,54,177,1101,911,0,911,911,0,190
22840,2803,119,57,0,57,57,0,62,750,650,0,650,641,9,100,681,488,0,488,485,3,193,1253,997,0,997,997,0,256
22841,1515,219,177,0,177,177,0,42,592,531,0,531,496,35,61,345,306,0,306,306,0,39,359,319,0,319,319,0,40
22842,2941,311,217,0,217,217,0,94,1319,966,11,955,882,73,353,876,741,0,741,715,26,135,435,380,0,380,369,11,55
22843,1172,245,158,0,158,158,0,87,411,365,0,365,365,0,46,172,136,0,136,136,0,36,344,326,0,326,326,0,18
22844,2279,206,154,0,154,147,7,52,939,496,0,496,496,0,443,561,440,0,440,429,11,121,573,474,0,474,474,0,99
22845,0,0,0,0,0,0,0,0,0,0,0,0,0,0,0,0,0,0,0,0,0,0,0,0,0,0,0,0,0
22846,840,62,51,0,51,51,0,11,233,178,0,178,165,13,55,202,118,0,118,118,0,84,343,343,10,333,332,1,0
22847,424,37,23,0,23,23,0,14,158,121,0,121,121,0,37,160,151,0,151,145,6,9,69,61,0,61,61,0,8
22849,2566,270,113,0,113,113,0,157,1203,919,0,919,913,6,284,844,701,0,701,677,24,143,249,246,0,246,184,62,3
22850,763,71,49,0,49,49,0,22,293,236,0,236,229,7,57,218,163,0,163,157,6,55,181,109,0,109,109,0,72
22851,3152,523,314,0,314,295,19,209,1600,1162,0,1162,1064,98,438,725,625,0,625,560,65,100,304,207,6,201,185,16,97
22853,2399,339,213,0,213,193,20,126,1167,772,0,772,753,19,395,448,343,0,343,343,0,105,445,409,0,409,282,127,36
22901,18299,1124,920,0,920,920,0,204,1864,1422,0,1422,1404,18,442,4353,3380,13,3367,3296,71,973,10958,9223,104,9119,9035,84,1735
22902,15556,1439,873,0,873,732,141,566,3014,2108,16,2092,2070,22,906,2737,2383,7,2376,2243,133,354,8366,7636,52,7584,7561,23,730
22903,18716,1262,983,0,983,901,82,279,2239,1675,19,1656,1504,152,564,2689,2275,26,2249,2024,225,414,12526,10028,84,9944,9598,346,2498
22904,175,0,0,0,0,0,0,0,33,0,0,0,0,0,33,0,0,0,0,0,0,0,142,70,0,70,70,0,72
22911,9532,643,415,0,415,415,0,228,1329,1129,0,1129,1049,80,200,1877,1607,22,1585,1525,60,270,5683,5215,57,5158,4992,166,468
22920,1878,183,150,0,150,150,0,33,447,385,0,385,373,12,62,382,371,0,371,371,0,11,866,759,0,759,759,0,107
22922,1169,175,97,0,97,97,0,78,463,361,0,361,348,13,102,167,64,0,64,64,0,103,364,343,0,343,343,0,21
22923,3308,79,50,0,50,50,0,29,856,755,0,755,755,0,101,1048,787,0,787,766,21,261,1325,1168,7,1161,1148,13,157
22931,111,3,3,0,3,3,0,0,9,9,0,9,9,0,0,0,0,0,0,0,0,0,99,99,0,99,96,3,0
22932,4050,111,57,0,57,57,0,54,557,364,0,364,324,40,193,579,352,0,352,352,0,227,2803,2626,0,2626,2497,129,177
22935,354,28,28,0,28,28,0,0,120,100,0,100,86,14,20,147,64,0,64,64,0,83,59,36,0,36,36,0,23
22936,2527,150,128,0,128,128,0,22,263,178,0,178,178,0,85,334,306,0,306,306,0,28,1780,1486,14,1472,1427,45,294
22937,1047,128,71,0,71,71,0,57,207,178,0,178,178,0,29,420,404,13,391,391,0,16,292,259,0,259,234,25,33
22938,564,61,61,0,61,8,53,0,255,199,0,199,189,10,56,103,96,0,96,96,0,7,145,145,0,145,145,0,0
22939,3276,217,83,0,83,83,0,134,780,559,0,559,537,22,221,1025,824,0,824,799,25,201,1254,1126,0,1126,1099,27,128
22940,537,81,35,0,35,35,0,46,149,58,0,58,58,0,91,50,40,0,40,40,0,10,257,218,0,218,218,0,39
22942,5491,382,265,0,265,265,0,117,1773,1332,0,1332,1213,119,441,2055,1792,0,1792,1764,28,263,1281,1098,0,1098,1077,21,183
22943,255,37,37,0,37,37,0,0,46,46,0,46,46,0,0,27,6,0,6,6,0,21,145,133,0,133,133,0,12
22946,111,16,0,0,0,0,0,16,36,19,0,19,19,0,17,0,0,0,0,0,0,0,59,48,0,48,24,24,11
22947,1875,167,102,0,102,102,0,65,284,231,0,231,224,7,53,337,279,0,279,269,10,58,1087,652,0,652,598,54,435
22948,12,0,0,0,0,0,0,0,12,12,0,12,12,0,0,0,0,0,0,0,0,0,0,0,0,0,0,0,0
22949,695,137,8,0,8,8,0,129,319,99,0,99,99,0,220,126,116,0,116,116,0,10,113,91,0,91,91,0,22
22952,1184,26,26,0,26,26,0,0,505,388,0,388,388,0,117,493,419,0,419,419,0,74,160,125,0,125,125,0,35
22958,804,19,0,0,0,0,0,19,163,135,0,135,135,0,28,202,176,0,176,159,17,26,420,275,0,275,275,0,145
22959,894,105,22,0,22,22,0,83,191,179,0,179,147,32,12,191,176,0,176,152,24,15,407,377,0,377,377,0,30
22960,5509,597,350,0,350,312,38,247,2636,1932,0,1932,1838,94,704,1411,1177,0,1177,1132,45,234,865,680,0,680,680,0,185
22963,8220,378,223,0,223,212,11,155,1709,1190,0,1190,1161,29,519,2655,2183,0,2183,2126,57,472,3478,2755,14,2741,2707,34,723
22964,83,0,0,0,0,0,0,0,20,20,0,20,20,0,0,17,17,0,17,17,0,0,46,21,0,21,21,0,25
22967,1013,147,110,0,110,110,0,37,626,437,0,437,386,51,189,78,78,0,78,68,10,0,162,112,0,112,74,38,50
22968,5902,410,254,0,254,237,17,156,1678,1364,0,1364,1364,0,314,1798,1665,0,1665,1620,45,133,2016,1843,20,1823,1809,14,173
22969,822,70,70,0,70,70,0,0,447,265,0,265,265,0,182,125,125,0,125,125,0,0,180,173,0,173,173,0,7
22971,929,225,211,0,211,190,21,14,322,237,0,237,237,0,85,255,238,0,238,238,0,17,127,109,0,109,109,0,18
22972,68,0,0,0,0,0,0,0,0,0,0,0,0,0,0,11,0,0,0,0,0,11,57,57,0,57,57,0,0
22973,2557,460,335,0,335,308,27,125,919,674,0,674,584,90,245,693,492,1,491,462,29,201,485,411,0,411,400,11,74
22974,3251,397,141,0,141,141,0,256,976,408,0,408,408,0,568,955,425,0,425,425,0,530,923,832,0,832,832,0,91
22976,187,31,26,0,26,26,0,5,86,78,0,78,78,0,8,50,50,0,50,50,0,0,20,6,0,6,6,0,14
22980,16519,1717,994,0,994,825,169,723,6220,4994,0,4994,4793,201,1226,4154,3553,41,3512,3369,143,601,4428,4004,25,3979,3960,19,424
22989,0,0,0,0,0,0,0,0,0,0,0,0,0,0,0,0,0,0,0,0,0,0,0,0,0,0,0,0,0
23002,5443,686,551,0,551,534,17,135,2404,1993,0,1993,1944,49,411,1243,1012,0,1012,980,32,231,1110,928,0,928,864,64,182
23004,496,58,2,0,2,2,0,56,327,293,0,293,293,0,34,109,92,0,92,86,6,17,2,2,0,2,2,0,0
23005,8632,561,401,0,401,375,26,160,2038,1565,0,1565,1515,50,473,2430,2005,0,2005,1935,70,425,3603,3244,21,3223,3128,95,359
23009,3737,78,53,0,53,53,0,25,1297,1086,0,1086,1046,40,211,1588,1143,0,1143,1103,40,445,774,661,0,661,661,0,113
23011,1031,243,115,0,115,115,0,128,354,111,0,111,111,0,243,244,64,0,64,64,0,180,190,141,0,141,141,0,49
23015,2168,174,112,0,112,71,41,62,644,474,0,474,463,11,170,470,342,0,342,329,13,128,880,839,0,839,839,0,41
23021,157,46,0,0,0,0,0,46,66,66,0,66,66,0,0,0,0,0,0,0,0,0,45,0,0,0,0,0,45
23022,391,39,10,0,10,0,10,29,240,172,0,172,172,0,68,27,15,0,15,15,0,12,85,85,0,85,85,0,0
23023,436,0,0,0,0,0,0,0,239,136,0,136,136,0,103,62,32,0,32,32,0,30,135,118,0,118,118,0,17
23024,5380,325,253,0,253,253,0,72,1828,1194,0,1194,1114,80,634,1420,1232,0,1232,1222,10,188,1807,1361,26,1335,1325,10,446
23025,62,0,0,0,0,0,0,0,43,43,0,43,43,0,0,0,0,0,0,0,0,0,19,19,0,19,19,0,0
23027,516,108,33,0,33,14,19,75,159,151,0,151,151,0,8,179,150,0,150,141,9,29,70,70,0,70,70,0,0
23030,2496,432,297,0,297,293,4,135,976,776,0,776,759,17,200,671,440,0,440,437,3,231,417,359,0,359,349,10,58
23032,195,9,9,0,9,9,0,0,61,56,0,56,50,6,5,93,93,0,93,62,31,0,32,32,0,32,0,32,0
23035,681,48,35,0,35,22,13,13,184,166,0,166,166,0,18,313,271,0,271,234,37,42,136,129,0,129,129,0,7
23038,856,75,55,0,55,55,0,20,268,258,0,258,258,0,10,290,212,0,212,212,0,78,223,205,0,205,205,0,18
23039,583,44,44,0,44,44,0,0,64,59,0,59,59,0,5,238,147,0,147,147,0,91,237,223,0,223,212,11,14
23040,2585,163,105,0,105,88,17,58,1075,820,0,820,811,9,255,926,888,0,888,888,0,38,421,338,0,338,338,0,83
23043,683,179,95,0,95,95,0,84,234,182,0,182,153,29,52,140,107,0,107,107,0,33,130,115,0,115,110,5,15
23045,0,0,0,0,0,0,0,0,0,0,0,0,0,0,0,0,0,0,0,0,0,0,0,0,0,0,0,0,0
23047,775,84,53,0,53,53,0,31,188,113,0,113,98,15,75,187,173,0,173,160,13,14,316,293,0,293,293,0,23
23050,244,32,32,0,32,32,0,0,0,0,0,0,0,0,0,114,114,0,114,114,0,0,98,98,0,98,98,0,0
23055,514,56,35,0,35,35,0,21,62,62,0,62,62,0,0,73,52,0,52,52,0,21,323,323,0,323,323,0,0
23056,251,15,15,0,15,15,0,0,0,0,0,0,0,0,0,120,120,0,120,120,0,0,116,70,0,70,70,0,46
23059,21170,376,291,0,291,291,0,85,1801,1136,0,1136,1111,25,665,3939,3482,0,3482,3447,35,457,15054,13293,0,13293,13006,287,1761
23060,19461,1202,1068,0,1068,1011,57,134,2664,2115,6,2109,2092,17,549,4893,4174,15,4159,3970,189,719,10702,9511,0,9511,9357,154,1191
23061,11485,1136,663,0,663,615,48,473,3621,2953,26,2927,2726,201,668,4064,3396,46,3350,3283,67,668,2664,2308,15,2293,2247,46,356
23062,1433,138,14,0,14,14,0,124,466,274,0,274,274,0,192,412,310,21,289,289,0,102,417,267,0,267,267,0,150
23063,2521,207,118,0,118,110,8,89,919,632,0,632,612,20,287,773,286,0,286,286,0,487,622,417,0,417,417,0,205
23065,1255,58,30,0,30,30,0,28,392,261,0,261,261,0,131,521,439,0,439,439,0,82,284,220,0,220,220,0,64
23066,173,0,0,0,0,0,0,0,125,125,0,125,125,0,0,48,48,0,48,48,0,0,0,0,0,0,0,0,0
23068,33,0,0,0,0,0,0,0,0,0,0,0,0,0,0,33,33,0,33,33,0,0,0,0,0,0,0,0,0
23069,1714,138,58,0,58,58,0,80,583,424,0,424,399,25,159,625,560,0,560,560,0,65,368,368,0,368,368,0,0
23070,258,0,0,0,0,0,0,0,43,43,0,43,43,0,0,107,101,0,101,101,0,6,108,108,0,108,108,0,0
23071,746,84,16,0,16,16,0,68,172,165,0,165,145,20,7,330,280,0,280,257,23,50,160,107,0,107,107,0,53
23072,6418,632,390,0,390,375,15,242,1920,1524,0,1524,1487,37,396,2388,1783,108,1675,1591,84,605,1478,1292,52,1240,1234,6,186
23075,4704,484,386,0,386,386,0,98,1839,1351,0,1351,1334,17,488,1458,1151,0,1151,1001,150,307,923,923,0,923,923,0,0
23076,338,22,0,0,0,0,0,22,113,16,0,16,16,0,97,22,22,0,22,22,0,0,181,133,2,131,131,0,48
23079,242,31,20,0,20,20,0,11,88,74,0,74,74,0,14,97,94,0,94,94,0,3,26,26,0,26,26,0,0
23083,1225,180,91,0,91,91,0,89,499,358,0,358,358,0,141,344,293,0,293,293,0,51,202,168,0,168,168,0,34
23084,708,37,27,0,27,27,0,10,254,211,0,211,211,0,43,217,171,0,171,171,0,46,200,192,0,192,185,7,8
23085,282,0,0,0,0,0,0,0,114,107,0,107,107,0,7,90,90,0,90,90,0,0,78,78,0,78,78,0,0
23086,1714,82,35,0,35,35,0,47,577,478,0,478,449,29,99,608,499,0,499,477,22,109,447,405,0,405,391,14,42
23089,2923,213,213,0,213,213,0,0,819,605,29,576,571,5,214,1003,786,0,786,786,0,217,888,811,14,797,772,25,77
23091,205,0,0,0,0,0,0,0,69,9,0,9,9,0,60,136,136,0,136,136,0,0,0,0,0,0,0,0,0
23092,290,12,0,0,0,0,0,12,65,61,0,61,61,0,4,85,68,0,68,68,0,17,128,54,0,54,54,0,74
23093,7014,891,413,0,413,368,45,478,2496,1682,0,1682,1511,171,814,1948,1621,0,1621,1596,25,327,1679,1434,0,1434,1424,10,245
23102,1556,20,8,0,8,8,0,12,416,308,0,308,308,0,108,314,251,0,251,192,59,63,806,664,0,664,650,14,142
23103,2802,153,19,0,19,19,0,134,336,263,0,263,263,0,73,406,339,0,339,296,43,67,1907,1653,0,1653,1630,23,254
23106,846,13,0,0,0,0,0,13,385,240,0,240,240,0,145,233,225,0,225,225,0,8,215,215,0,215,215,0,0
23108,58,0,0,0,0,0,0,0,38,38,0,38,38,0,0,14,14,0,14,14,0,0,6,6,0,6,6,0,0
23109,1283,85,41,0,41,41,0,44,418,192,0,192,192,0,226,403,326,13,313,313,0,77,377,295,0,295,295,0,82
23110,510,14,14,0,14,14,0,0,94,55,0,55,55,0,39,93,72,0,72,72,0,21,309,205,0,205,198,7,104
23111,18952,1077,707,0,707,658,49,370,4775,3651,0,3651,3550,101,1124,6022,5329,0,5329,5222,107,693,7078,6344,12,6332,6271,61,734
23112,28651,1267,849,0,849,771,78,418,3729,2935,0,2935,2900,35,794,8403,6684,56,6628,6460,168,1719,15252,13765,88,13677,13385,292,1487
23113,12719,211,115,0,115,107,8,96,1121,870,0,870,817,53,251,2255,1616,0,1616,1547,69,639,9132,7561,0,7561,7401,160,1571
23114,9750,407,200,0,200,200,0,207,998,744,0,744,744,0,254,2312,1871,0,1871,1819,52,441,6033,5531,28,5503,5394,109,502
23116,16372,342,232,0,232,232,0,110,2909,2330,0,2330,2267,63,579,4138,3426,0,3426,3372,54,712,8983,8052,32,8020,7764,256,931
23117,5041,584,428,0,428,331,97,156,2089,1417,0,1417,1256,161,672,1331,1052,0,1052,1052,0,279,1037,899,50,849,829,20,138
23119,89,13,13,0,13,13,0,0,65,38,0,38,38,0,27,11,11,0,11,11,0,0,0,0,0,0,0,0,0
23120,6075,129,128,0,128,128,0,1,707,589,0,589,575,14,118,1439,1298,0,1298,1291,7,141,3800,3270,23,3247,3201,46,530
23123,997,75,27,0,27,19,8,48,551,434,0,434,434,0,117,221,165,0,165,161,4,56,150,63,0,63,63,0,87
23124,2486,65,9,0,9,9,0,56,825,729,0,729,721,8,96,818,693,0,693,693,0,125,778,750,0,750,750,0,28
23126,199,11,0,0,0,0,0,11,43,43,0,43,33,10,0,36,36,0,36,36,0,0,109,103,0,103,103,0,6
23128,357,15,0,0,0,0,0,15,134,99,0,99,99,0,35,64,47,0,47,47,0,17,144,129,0,129,129,0,15
23129,256,0,0,0,0,0,0,0,12,3,0,3,3,0,9,87,39,0,39,39,0,48,157,122,0,122,122,0,35
23130,59,0,0,0,0,0,0,0,0,0,0,0,0,0,0,59,34,0,34,34,0,25,0,0,0,0,0,0,0
23138,187,11,0,0,0,0,0,11,80,62,0,62,62,0,18,87,39,0,39,39,0,48,9,9,0,9,9,0,0
23139,13616,803,502,0,502,479,23,301,4127,2715,0,2715,2670,45,1412,4042,3510,0,3510,3465,45,532,4644,4075,15,4060,4029,31,569
23140,3445,275,195,0,195,192,3,80,933,793,0,793,734,59,140,986,843,9,834,826,8,143,1251,993,47,946,912,34,258
23141,4344,278,265,0,265,246,19,13,1358,1184,0,1184,1163,21,174,1122,903,8,895,772,123,219,1586,1277,27,1250,1238,12,309
23146,1866,43,43,0,43,43,0,0,373,232,0,232,232,0,141,468,364,0,364,364,0,104,982,826,0,826,776,50,156
23148,854,131,119,0,119,43,76,12,314,282,0,282,266,16,32,236,141,0,141,120,21,95,173,160,0,160,160,0,13
23149,1598,249,56,0,56,56,0,193,592,438,0,438,438,0,154,582,496,40,456,456,0,86,175,150,0,150,150,0,25
23150,6937,663,470,0,470,438,32,193,2668,1950,0,1950,1826,124,718,2289,2012,0,2012,1922,90,277,1317,1199,0,1199,1199,0,118
23153,653,13,13,0,13,13,0,0,141,92,0,92,92,0,49,145,145,0,145,145,0,0,354,329,0,329,329,0,25
23156,616,48,25,0,25,25,0,23,217,177,0,177,177,0,40,294,242,0,242,242,0,52,57,57,0,57,57,0,0
23160,2358,605,2,0,2,2,0,603,1348,1,0,1,1,0,1347,362,2,0,2,2,0,360,43,1,0,1,1,0,42
23161,31,0,0,0,0,0,0,0,31,31,0,31,31,0,0,0,0,0,0,0,0,0,0,0,0,0,0,0,0
23163,46,7,0,0,0,0,0,7,39,18,0,18,18,0,21,0,0,0,0,0,0,0,0,0,0,0,0,0,0
23168,4079,131,40,0,40,40,0,91,843,730,0,730,730,0,113,1414,1057,117,940,908,32,357,1691,1497,0,1497,1464,33,194
23169,425,40,18,0,18,18,0,22,143,111,0,111,111,0,32,155,110,0,110,84,26,45,87,74,0,74,74,0,13
23173,39,0,0,0,0,0,0,0,8,8,0,8,8,0,0,18,15,0,15,15,0,3,13,13,0,13,13,0,0
23175,679,35,7,0,7,7,0,28,311,254,0,254,254,0,57,177,152,0,152,139,13,25,156,131,0,131,113,18,25
23176,175,22,18,0,18,18,0,4,0,0,0,0,0,0,0,6,0,0,0,0,0,6,147,88,0,88,88,0,59
23177,530,55,55,0,55,55,0,0,72,27,0,27,27,0,45,155,155,0,155,155,0,0,248,206,0,206,206,0,42
23180,404,65,10,0,10,10,0,55,149,125,0,125,113,12,24,140,96,0,96,90,6,44,50,39,0,39,39,0,11
23181,2548,80,67,0,67,67,0,13,695,601,0,601,599,2,94,910,779,0,779,774,5,131,863,737,0,737,737,0,126
23185,22624,1124,623,0,623,623,0,501,4085,2990,101,2889,2601,288,1095,6160,4931,188,4743,4595,148,1229,11255,9791,198,9593,9374,219,1464
23188,20504,977,617,0,617,617,0,360,4133,3205,0,3205,2907,298,928,5690,4975,162,4813,4702,111,715,9704,8000,211,7789,7546,243,1704
23192,3800,228,84,0,84,84,0,144,1255,1016,0,1016,982,34,239,1133,854,0,854,833,21,279,1184,1087,0,1087,1087,0,97
23219,2763,327,176,0,176,176,0,151,195,98,0,98,91,7,97,469,413,0,413,413,0,56,1772,1389,42,1347,1332,15,383
23220,16702,925,420,0,420,348,72,505,2024,1485,30,1455,1263,192,539,3372,2797,60,2737,2423,314,575,10381,9124,17,9107,8760,347,1257
23221,10037,177,105,0,105,105,0,72,738,575,69,506,502,4,163,1514,1365,0,1365,1320,45,149,7608,6958,24,6934,6846,88,650
23222,15676,2028,1197,0,1197,1042,155,831,4833,3541,18,3523,3293,230,1292,5070,4070,29,4041,3734,307,1000,3745,3323,5,3318,3149,169,422
23223,30430,3418,1594,0,1594,1468,126,1824,8515,6153,0,6153,5910,243,2362,9188,7286,20,7266,6893,373,1902,9309,8291,13,8278,8082,196,1018
23224,22720,3985,2323,0,2323,2105,218,1662,7870,5882,124,5758,5478,280,1988,6626,4989,37,4952,4735,217,1637,4239,3895,0,3895,3746,149,344
23225,25638,2149,1404,0,1404,1404,0,745,5196,3919,0,3919,3601,318,1277,7568,6311,71,6240,5485,755,1257,10725,9964,24,9940,9665,275,761
23226,9678,584,476,0,476,475,1,108,513,417,0,417,414,3,96,1291,1048,8,1040,992,48,243,7290,6497,38,6459,6393,66,793
23227,13895,1298,664,0,664,652,12,634,2964,2252,0,2252,2056,196,712,3476,2878,61,2817,2727,90,598,6157,5529,15,5514,5365,149,628
23228,21260,2282,1621,0,1621,1533,88,661,4923,3562,0,3562,3465,97,1361,7012,5963,191,5772,5596,176,1049,7043,6482,0,6482,6259,223,561
23229,17818,1074,805,0,805,783,22,269,2425,1927,0,1927,1839,88,498,3534,2911,0,2911,2832,79,623,10785,9369,17,9352,8911,441,1416
23230,4518,435,357,0,357,317,40,78,776,645,0,645,639,6,131,1197,916,0,916,879,37,281,2110,1974,0,1974,1961,13,136
23231,21084,1484,962,0,962,864,98,522,6337,4663,0,4663,4304,359,1674,8231,6950,46,6904,6508,396,1281,5032,4572,5,4567,4495,72,460
23233,17849,331,186,0,186,165,21,145,1283,1062,0,1062,999,63,221,2871,2316,0,2316,2141,175,555,13364,11560,16,11544,11115,429,1804
23234,24621,5299,3477,0,3477,3221,256,1822,8534,5812,0,5812,5336,476,2722,6778,5739,81,5658,5309,349,1039,4010,3494,0,3494,3443,51,516
23235,17041,845,533,0,533,513,20,312,2822,2311,0,2311,2239,72,511,5015,4436,58,4378,4248,130,579,8359,7335,36,7299,7197,102,1024
23236,13070,556,385,0,385,348,37,171,3006,2507,0,2507,2497,10,499,4140,3455,0,3455,3332,123,685,5368,4768,16,4752,4693,59,600
23237,14212,2350,2010,0,2010,1888,122,340,4679,3710,8,3702,3539,163,969,4270,3445,22,3423,3356,67,825,2913,2545,80,2465,2386,79,368
23238,13048,492,301,0,301,301,0,191,1785,1552,0,1552,1538,14,233,3414,2979,0,2979,2852,127,435,7357,6453,51,6402,6288,114,904
23250,0,0,0,0,0,0,0,0,0,0,0,0,0,0,0,0,0,0,0,0,0,0,0,0,0,0,0,0,0
23294,10883,752,518,0,518,514,4,234,2005,1629,0,1629,1580,49,376,2892,2456,0,2456,2386,70,436,5234,4511,0,4511,4432,79,723
23301,928,421,318,0,318,279,39,103,367,228,0,228,228,0,139,64,57,0,57,57,0,7,76,39,0,39,38,1,37
23302,38,0,0,0,0,0,0,0,0,0,0,0,0,0,0,22,22,0,22,22,0,0,16,16,0,16,16,0,0
23303,245,33,33,0,33,33,0,0,98,65,0,65,65,0,33,68,23,0,23,23,0,45,46,34,0,34,34,0,12
23304,0,0,0,0,0,0,0,0,0,0,0,0,0,0,0,0,0,0,0,0,0,0,0,0,0,0,0,0,0
23306,542,53,46,0,46,46,0,7,119,103,0,103,103,0,16,251,194,0,194,194,0,57,119,117,0,117,117,0,2
23307,325,69,15,0,15,15,0,54,172,126,0,126,126,0,46,84,84,0,84,84,0,0,0,0,0,0,0,0,0
23308,1021,189,97,0,97,96,1,92,440,353,0,353,345,8,87,293,240,0,240,240,0,53,99,86,0,86,86,0,13
23310,1930,281,128,0,128,119,9,153,497,335,0,335,305,30,162,545,439,2,437,437,0,106,607,458,0,458,441,17,149
23314,4792,169,88,0,88,61,27,81,1236,1013,44,969,948,21,223,1807,1538,40,1498,1326,172,269,1580,1418,22,1396,1307,89,162
23315,733,82,82,0,82,73,9,0,230,137,0,137,127,10,93,327,210,0,210,210,0,117,94,63,0,63,63,0,31
23316,216,23,13,0,13,13,0,10,45,27,0,27,11,16,18,119,112,0,112,112,0,7,29,18,0,18,13,5,11
23320,34386,1804,1118,0,1118,1112,6,686,7009,5052,425,4627,4193,434,1957,12000,9584,859,8725,8297,428,2416,13573,11940,811,11129,10878,251,1633
23321,18663,669,354,0,354,325,29,315,3827,2966,157,2809,2686,123,861,7029,5457,424,5033,4826,207,1572,7138,6382,428,5954,5697,257,756
23322,35418,1677,437,34,403,396,7,1240,6452,3835,246,3589,3461,128,2617,12022,9019,472,8547,8076,471,3003,15267,13314,1124,12190,11857,333,1953
23323,21210,1124,701,0,701,638,63,423,5173,3875,284,3591,3337,254,1298,8123,6920,499,6421,6211,210,1203,6790,5742,533,5209,5105,104,1048
23324,12076,1605,993,0,993,955,38,612,3795,2377,9,2368,2187,181,1418,4710,3600,107,3493,3065,428,1110,1966,1687,102,1585,1574,11,279
23325,9432,718,550,0,550,472,78,168,2787,2129,126,2003,1917,86,658,3415,2866,339,2527,2402,125,549,2512,2348,20,2328,2315,13,164
23336,1383,110,76,0,76,53,23,34,257,203,0,203,151,52,54,568,371,22,349,329,20,197,448,378,6,372,372,0,70
23337,213,33,19,0,19,19,0,14,64,41,0,41,41,0,23,11,11,0,11,11,0,0,105,105,0,105,105,0,0
23347,488,23,23,0,23,23,0,0,184,125,0,125,125,0,59,101,90,0,90,90,0,11,180,119,0,119,119,0,61
23350,1669,207,112,0,112,102,10,95,759,458,0,458,445,13,301,436,335,0,335,319,16,101,267,234,0,234,234,0,33
23354,98,7,7,0,7,7,0,0,7,7,0,7,7,0,0,12,9,0,9,9,0,3,72,50,0,50,50,0,22
23356,480,0,0,0,0,0,0,0,165,135,15,120,120,0,30,167,132,0,132,132,0,35,148,112,0,112,92,20,36
23357,339,37,6,0,6,6,0,31,158,139,0,139,139,0,19,99,99,6,93,93,0,0,45,36,0,36,36,0,9
23358,78,0,0,0,0,0,0,0,34,22,0,22,22,0,12,34,34,0,34,34,0,0,10,10,0,10,10,0,0
23359,766,42,13,0,13,12,1,29,498,321,0,321,310,11,177,140,109,0,109,105,4,31,86,71,0,71,71,0,15
23389,116,0,0,0,0,0,0,0,14,14,0,14,14,0,0,92,92,0,92,92,0,0,10,10,0,10,10,0,0
23395,52,0,0,0,0,0,0,0,52,52,0,52,52,0,0,0,0,0,0,0,0,0,0,0,0,0,0,0,0
23398,17,0,0,0,0,0,0,0,0,0,0,0,0,0,0,10,10,0,10,10,0,0,7,7,0,7,7,0,0
23401,135,31,6,0,6,6,0,25,50,39,0,39,39,0,11,36,17,0,17,17,0,19,18,18,0,18,18,0,0
23405,434,0,0,0,0,0,0,0,147,125,0,125,125,0,22,126,112,0,112,95,17,14,161,78,0,78,78,0,83
23407,493,280,139,0,139,139,0,141,49,49,0,49,49,0,0,92,92,0,92,92,0,0,72,51,0,51,51,0,21
23408,48,0,0,0,0,0,0,0,48,48,0,48,48,0,0,0,0,0,0,0,0,0,0,0,0,0,0,0,0
23409,52,5,0,0,0,0,0,5,47,34,0,34,34,0,13,0,0,0,0,0,0,0,0,0,0,0,0,0,0
23410,891,20,15,0,15,15,0,5,352,291,0,291,283,8,61,364,248,0,248,248,0,116,155,141,0,141,141,0,14
23413,317,47,27,0,27,27,0,20,146,119,0,119,115,4,27,77,66,0,66,66,0,11,47,35,0,35,34,1,12
23414,156,156,156,0,156,156,0,0,0,0,0,0,0,0,0,0,0,0,0,0,0,0,0,0,0,0,0,0,0
23415,947,160,125,0,125,125,0,35,461,320,0,320,320,0,141,246,184,14,170,170,0,62,80,80,0,80,80,0,0
23416,53,3,3,0,3,3,0,0,50,29,0,29,29,0,21,0,0,0,0,0,0,0,0,0,0,0,0,0,0
23417,1521,29,26,0,26,25,1,3,344,265,7,258,237,21,79,567,519,0,519,501,18,48,581,374,0,374,364,10,207
23418,440,29,21,0,21,21,0,8,132,98,0,98,98,0,34,116,103,0,103,98,5,13,163,129,0,129,129,0,34
23420,1497,340,220,0,220,220,0,120,621,446,0,446,435,11,175,399,255,0,255,223,32,144,137,85,3,82,82,0,52
23421,1845,373,277,0,277,249,28,96,709,542,0,542,539,3,167,534,477,0,477,449,28,57,229,131,0,131,131,0,98
23422,43,0,0,0,0,0,0,0,0,0,0,0,0,0,0,43,14,0,14,14,0,29,0,0,0,0,0,0,0
23423,147,27,27,0,27,27,0,0,26,16,0,16,16,0,10,67,67,0,67,67,0,0,27,23,0,23,23,0,4
23426,16,0,0,0,0,0,0,0,0,0,0,0,0,0,0,16,0,0,0,0,0,16,0,0,0,0,0,0,0
23427,155,21,6,0,6,6,0,15,75,22,0,22,22,0,53,49,31,0,31,31,0,18,10,8,0,8,6,2,2
23430,9658,800,497,0,497,449,48,303,2742,2145,4,2141,2010,131,597,3096,2594,45,2549,2474,75,502,3020,2549,54,2495,2445,50,471
23432,812,10,0,0,0,0,0,10,223,199,0,199,193,6,24,298,258,0,258,258,0,40,281,233,41,192,192,0,48
23433,484,8,6,0,6,6,0,2,80,76,0,76,76,0,4,124,106,5,101,101,0,18,272,224,0,224,224,0,48
23434,26088,2779,1508,12,1496,1129,367,1271,7342,5514,87,5427,5110,317,1828,9441,7525,517,7008,6457,551,1916,6526,5813,241,5572,5458,114,713
23435,17801,735,476,0,476,376,100,259,3649,2872,73,2799,2703,96,777,6094,5249,401,4848,4620,228,845,7323,6630,255,6375,6328,47,693
23436,569,12,0,0,0,0,0,12,80,58,0,58,58,0,22,272,220,0,220,215,5,52,205,184,6,178,178,0,21
23437,2265,217,115,0,115,115,0,102,646,522,3,519,515,4,124,950,825,63,762,753,9,125,452,386,7,379,374,5,66
23438,822,30,19,0,19,19,0,11,280,215,0,215,185,30,65,321,300,19,281,274,7,21,191,160,0,160,160,0,31
23440,277,52,41,0,41,41,0,11,168,134,0,134,134,0,34,46,26,0,26,26,0,20,11,11,0,11,11,0,0
23441,40,0,0,0,0,0,0,0,21,21,0,21,21,0,0,19,19,0,19,19,0,0,0,0,0,0,0,0,0
23442,464,32,25,0,25,25,0,7,287,283,0,283,274,9,4,99,16,0,16,16,0,83,46,46,0,46,46,0,0
23451,22839,722,473,0,473,473,0,249,3499,2678,158,2520,2362,158,821,6838,5774,490,5284,5038,246,1064,11780,10085,586,9499,9316,183,1695
23452,30856,1760,1268,0,1268,1196,72,492,7075,5555,118,5437,5038,399,1520,12196,10202,1005,9197,8932,265,1994,9825,8658,477,8181,7959,222,1167
23453,19029,1143,804,0,804,792,12,339,4245,3259,136,3123,2923,200,986,7748,6713,804,5909,5802,107,1035,5893,5034,292,4742,4603,139,859
23454,31763,1818,1070,0,1070,1011,59,748,5587,4466,101,4365,4015,350,1121,11541,9747,917,8830,8433,397,1794,12817,11272,572,10700,10414,286,1545
23455,26813,1821,1455,8,1447,1359,88,366,4839,3945,282,3663,3500,163,894,8379,7200,797,6403,6268,135,1179,11774,10478,1102,9376,9150,226,1296
23456,31942,1100,375,6,369,330,39,725,4569,3365,196,3169,2875,294,1204,12857,10602,1290,9312,9090,222,2255,13416,11751,624,11127,10843,284,1665
23457,2506,93,64,0,64,55,9,29,713,472,7,465,455,10,241,986,821,18,803,781,22,165,714,644,20,624,613,11,70
23459,601,22,3,0,3,3,0,19,78,65,56,9,9,0,13,352,252,167,85,77,8,100,149,121,68,53,49,4,28
23460,239,0,0,0,0,0,0,0,31,31,16,15,15,0,0,69,69,60,9,9,0,0,139,139,139,0,0,0,0
23461,84,0,0,0,0,0,0,0,32,32,32,0,0,0,0,32,32,32,0,0,0,0,20,20,20,0,0,0,0
23462,36569,2667,1795,14,1781,1596,185,872,8348,6410,293,6117,6007,110,1938,14633,12277,769,11508,10992,516,2356,10921,9888,931,8957,8859,98,1033
23464,41812,2215,1451,55,1396,1222,174,764,8782,6890,396,6494,6087,407,1892,15358,12384,1228,11156,10768,388,2974,15457,13530,769,12761,12446,315,1927
23480,149,11,2,0,2,0,2,9,19,12,0,12,11,1,7,53,53,0,53,53,0,0,66,30,0,30,30,0,36
23486,19,0,0,0,0,0,0,0,19,19,0,19,0,19,0,0,0,0,0,0,0,0,0,0,0,0,0,0,0
23487,3081,319,161,0,161,161,0,158,882,605,6,599,597,2,277,1091,925,4,921,880,41,166,789,643,15,628,622,6,146
23488,636,0,0,0,0,0,0,0,541,265,0,265,265,0,276,28,28,0,28,28,0,0,67,61,0,61,44,17,6
23502,11701,1205,830,0,830,788,42,375,3329,2557,123,2434,2315,119,772,3883,3330,377,2953,2732,221,553,3284,2934,88,2846,2656,190,350
23503,18989,1443,901,0,901,864,37,542,4861,3732,350,3382,3128,254,1129,7419,6164,1075,5089,4959,130,1255,5266,4763,924,3839,3745,94,503
23504,11030,2107,1198,0,1198,1047,151,909,3375,2274,38,2236,1965,271,1101,3444,2772,73,2699,2305,394,672,2104,1752,60,1692,1515,177,352
23505,14813,1387,669,6,663,591,72,718,3099,2402,544,1858,1532,326,697,5677,4585,814,3771,3439,332,1092,4650,3904,486,3418,3297,121,746
23507,3702,93,44,0,44,35,9,49,155,91,8,83,83,0,64,687,584,110,474,474,0,103,2767,2301,227,2074,2047,27,466
23508,7769,346,265,10,255,249,6,81,925,533,0,533,416,117,392,2198,1639,115,1524,1411,113,559,4300,3776,458,3318,3225,93,524
23509,7418,888,523,0,523,472,51,365,2025,1596,69,1527,1435,92,429,2522,2180,223,1957,1811,146,342,1983,1777,111,1666,1545,121,206
23510,5516,558,184,0,184,126,58,374,1078,559,94,465,366,99,519,1259,850,58,792,684,108,409,2621,2187,436,1751,1732,19,434
23511,3862,0,0,0,0,0,0,0,595,595,595,0,0,0,0,2198,2170,2139,31,31,0,28,1069,984,899,85,53,32,85
23513,17529,2330,1568,0,1568,1517,51,762,5164,3925,306,3619,3165,454,1239,7033,6095,371,5724,5559,165,938,3002,2686,63,2623,2453,170,316
23517,2965,35,7,0,7,7,0,28,525,418,0,418,385,33,107,793,627,11,616,518,98,166,1612,1420,250,1170,989,181,192
23518,16847,1841,1208,0,1208,1074,134,633,4043,3268,147,3121,2927,194,775,5524,4442,455,3987,3843,144,1082,5439,4742,719,4023,3888,135,697
23523,3595,619,371,0,371,300,71,248,1269,976,64,912,735,177,293,1249,1055,27,1028,1003,25,194,458,396,11,385,385,0,62
23551,274,0,0,0,0,0,0,0,155,147,147,0,0,0,8,75,56,56,0,0,0,19,44,37,37,0,0,0,7
23601,14211,684,411,0,411,346,65,273,3378,2363,71,2292,2180,112,1015,5550,4763,196,4567,4377,190,787,4599,4145,334,3811,3672,139,454
23602,22516,1300,895,0,895,825,70,405,5935,4765,167,4598,4343,255,1170,7209,6360,349,6011,5750,261,849,8072,7234,458,6776,6637,139,838
23603,1816,128,83,0,83,83,0,45,300,168,60,108,108,0,132,811,685,74,611,578,33,126,577,379,36,343,323,20,198
23604,2303,46,0,0,0,0,0,46,506,426,359,67,67,0,80,1206,1061,787,274,240,34,145,545,466,366,100,86,14,79
23605,7506,656,365,0,365,321,44,291,3126,2348,13,2335,2217,118,778,2666,2155,111,2044,1827,217,511,1058,1000,47,953,937,16,58
23606,13116,877,614,0,614,590,24,263,3415,2673,48,2625,2519,106,742,4218,3636,81,3555,3398,157,582,4606,4000,151,3849,3805,44,606
23607,11730,1734,877,0,877,826,51,857,4388,3083,42,3041,2786,255,1305,4152,3135,172,2963,2870,93,1017,1456,1356,100,1256,1240,16,100
23608,22131,1506,1119,0,1119,1071,48,387,5498,4182,191,3991,3750,241,1316,8810,7293,539,6754,6459,295,1517,6317,5583,427,5156,4997,159,734
23651,174,7,0,0,0,0,0,7,10,10,0,10,10,0,0,45,40,0,40,40,0,5,112,90,9,81,81,0,22
23661,6954,410,199,0,199,152,47,211,2118,1611,12,1599,1501,98,507,2708,2145,177,1968,1887,81,563,1718,1560,39,1521,1493,28,158
23662,6170,146,132,0,132,132,0,14,1315,984,0,984,984,0,331,1951,1689,113,1576,1566,10,262,2758,2400,117,2283,2235,48,358
23663,7411,734,419,0,419,311,108,315,2759,1865,0,1865,1763,102,894,2940,2331,61,2270,2082,188,609,978,861,18,843,834,9,117
23664,5584,192,167,0,167,167,0,25,1665,1150,76,1074,1074,0,515,2071,1710,136,1574,1558,16,361,1656,1538,53,1485,1465,20,118
23665,2440,87,69,0,69,69,0,18,419,216,63,153,153,0,203,1042,865,311,554,554,0,177,892,529,243,286,286,0,363
23666,28067,2259,1732,0,1732,1658,74,527,7526,5660,271,5389,5171,218,1866,10579,8991,481,8510,7842,668,1588,7703,6934,324,6610,6427,183,769
23669,19329,1063,619,0,619,535,84,444,4956,3411,55,3356,3189,167,1545,7288,5791,731,5060,4909,151,1497,6022,5230,199,5031,4896,135,792
23690,2128,139,93,0,93,67,26,46,409,329,96,233,233,0,80,747,666,275,391,391,0,81,833,802,102,700,700,0,31
23691,48,0,0,0,0,0,0,0,14,0,0,0,0,0,14,22,9,9,0,0,0,13,12,8,8,0,0,0,4
23692,9441,298,182,0,182,164,18,116,1296,1057,72,985,913,72,239,3059,2497,253,2244,2102,142,562,4788,3998,327,3671,3535,136,790
23693,13018,461,135,0,135,135,0,326,1603,1389,22,1367,1333,34,214,3118,2548,392,2156,2069,87,570,7836,6498,588,5910,5797,113,1338
23696,2111,61,49,0,49,49,0,12,522,316,0,316,256,60,206,748,519,0,519,481,38,229,780,744,0,744,727,17,36
23701,12349,1107,389,0,389,382,7,718,3924,2611,43,2568,2515,53,1313,5166,4141,133,4008,3924,84,1025,2152,1821,150,1671,1586,85,331
23702,6723,669,297,0,297,222,75,372,2480,1692,37,1655,1514,141,788,2693,2022,95,1927,1889,38,671,881,759,5,754,739,15,122
23703,13800,899,486,0,486,471,15,413,3587,2876,93,2783,2728,55,711,5548,4615,443,4172,3985,187,933,3766,3331,243,3088,3019,69,435
23704,9579,998,534,0,534,513,21,464,2999,1870,189,1681,1475,206,1129,3675,2823,296,2527,2377,150,852,1907,1739,212,1527,1471,56,168
23707,7253,779,343,0,343,329,14,436,1829,1393,23,1370,1214,156,436,3051,2388,137,2251,2169,82,663,1594,1384,26,1358,1281,77,210
23708,74,0,0,0,0,0,0,0,16,16,16,0,0,0,0,38,38,38,0,0,0,0,20,20,15,5,5,0,0
23709,0,0,0,0,0,0,0,0,0,0,0,0,0,0,0,0,0,0,0,0,0,0,0,0,0,0,0,0,0
23801,2780,136,62,40,22,22,0,74,324,234,93,141,123,18,90,1415,1255,615,640,588,52,160,905,687,318,369,340,29,218
23803,20290,3084,1762,0,1762,1472,290,1322,7472,4922,0,4922,4484,438,2550,5812,4587,123,4464,4248,216,1225,3922,3362,252,3110,2964,146,560
23805,10210,793,453,0,453,419,34,340,3436,2868,42,2826,2428,398,568,3966,3311,110,3201,3053,148,655,2015,1759,100,1659,1628,31,256
23821,1158,178,43,0,43,42,1,135,438,236,0,236,232,4,202,318,225,0,225,204,21,93,224,168,0,168,166,2,56
23824,2603,461,123,0,123,123,0,338,1064,811,0,811,811,0,253,650,546,0,546,542,4,104,428,341,0,341,341,0,87
23827,856,68,31,0,31,31,0,37,314,247,0,247,205,42,67,268,219,0,219,210,9,49,206,195,0,195,172,23,11
23828,255,12,12,0,12,12,0,0,82,61,0,61,61,0,21,76,61,0,61,47,14,15,85,84,0,84,84,0,1
23829,1724,364,53,0,53,53,0,311,760,141,0,141,141,0,619,420,139,0,139,129,10,281,180,141,0,141,141,0,39
23830,729,41,41,0,41,41,0,0,217,138,0,138,138,0,79,234,182,0,182,182,0,52,237,237,0,237,237,0,0
23831,19186,1285,805,0,805,788,17,480,4607,3329,0,3329,3293,36,1278,6040,5027,121,4906,4837,69,1013,7254,6095,132,5963,5810,153,1159
23832,20679,1170,650,0,650,575,75,520,5029,3696,0,3696,3495,201,1333,7285,6267,10,6257,5968,289,1018,7195,6254,41,6213,6054,159,941
23833,1413,64,51,0,51,30,21,13,644,465,0,465,426,39,179,572,421,0,421,421,0,151,133,121,0,121,121,0,12
23834,13750,1090,748,0,748,711,37,342,4058,3342,0,3342,3173,169,716,4930,4115,104,4011,3689,322,815,3672,3203,52,3151,3110,41,469
23836,7187,479,188,0,188,188,0,291,1545,1072,0,1072,1011,61,473,2150,1635,23,1612,1539,73,515,3013,2610,276,2334,2309,25,403
23837,2131,311,190,0,190,178,12,121,596,384,0,384,353,31,212,840,702,0,702,700,2,138,384,373,0,373,369,4,11
23838,8711,391,247,0,247,247,0,144,1968,1306,12,1294,1258,36,662,2638,2235,0,2235,2215,20,403,3714,2997,14,2983,2938,45,717
23839,618,33,17,0,17,17,0,16,300,236,0,236,232,4,64,187,140,8,132,132,0,47,98,98,0,98,98,0,0
23840,1191,241,205,0,205,205,0,36,351,276,0,276,263,13,75,474,421,0,421,369,52,53,125,93,0,93,93,0,32
23841,1422,72,70,0,70,70,0,2,601,428,0,428,428,0,173,281,234,0,234,234,0,47,468,414,0,414,365,49,54
23842,4026,363,210,0,210,210,0,153,1308,1067,11,1056,1033,23,241,1435,1093,0,1093,1064,29,342,920,744,0,744,715,29,176
23843,151,23,20,0,20,20,0,3,59,59,0,59,59,0,0,65,32,0,32,32,0,33,4,4,0,4,4,0,0
23844,399,31,20,0,20,20,0,11,123,95,0,95,95,0,28,194,194,0,194,194,0,0,51,51,0,51,51,0,0
23845,115,0,0,0,0,0,0,0,108,108,0,108,108,0,0,0,0,0,0,0,0,0,7,7,0,7,7,0,0
23846,310,60,36,0,36,36,0,24,175,150,0,150,150,0,25,47,38,0,38,38,0,9,28,28,0,28,28,0,0
23847,9092,1922,744,0,744,518,226,1178,3740,1441,0,1441,1386,55,2299,2609,1734,0,1734,1645,89,875,821,611,0,611,611,0,210
23850,480,119,70,0,70,70,0,49,125,89,0,89,89,0,36,197,174,0,174,174,0,23,39,39,0,39,39,0,0
23851,6417,761,425,0,425,365,60,336,1929,1609,0,1609,1575,34,320,2577,2053,0,2053,1850,203,524,1150,884,19,865,823,42,266
23856,553,112,68,0,68,62,6,44,170,124,0,124,124,0,46,183,168,0,168,159,9,15,88,59,0,59,59,0,29
23857,425,65,0,0,0,0,0,65,126,126,0,126,126,0,0,54,30,0,30,30,0,24,180,159,0,159,159,0,21
23860,16867,2112,851,0,851,756,95,1261,6343,3364,29,3335,2939,396,2979,6158,4149,164,3985,3800,185,2009,2254,1889,77,1812,1784,28,365
23866,958,45,24,0,24,24,0,21,262,203,7,196,196,0,59,430,298,0,298,289,9,132,221,211,13,198,198,0,10
23867,1037,99,80,0,80,55,25,19,332,242,0,242,237,5,90,370,282,23,259,255,4,88,236,181,0,181,181,0,55
23868,3815,668,202,0,202,183,19,466,1597,399,0,399,373,26,1198,1163,643,0,643,635,8,520,387,357,0,357,332,25,30
23872,1386,93,51,0,51,51,0,42,584,493,0,493,402,91,91,489,466,0,466,462,4,23,220,194,0,194,194,0,26
23874,442,29,24,0,24,24,0,5,121,59,0,59,59,0,62,204,189,0,189,186,3,15,88,76,0,76,76,0,12
23875,6398,508,304,0,304,269,35,204,1465,1239,19,1220,1220,0,226,2355,1962,179,1783,1778,5,393,2070,1833,93,1740,1740,0,237
23876,142,16,8,0,8,8,0,8,72,59,0,59,59,0,13,8,8,0,8,8,0,0,46,46,0,46,46,0,0
23878,793,96,30,0,30,30,0,66,241,233,0,233,233,0,8,257,229,0,229,209,20,28,199,181,0,181,181,0,18
23879,314,52,52,0,52,52,0,0,114,114,0,114,103,11,0,114,81,0,81,81,0,33,34,34,0,34,34,0,0
23881,1084,66,51,0,51,15,36,15,564,351,0,351,313,38,213,280,217,0,217,205,12,63,174,156,21,135,135,0,18
23882,826,127,97,0,97,79,18,30,345,235,0,235,235,0,110,188,133,0,133,116,17,55,166,148,0,148,138,10,18
23883,1227,139,69,0,69,69,0,70,382,290,0,290,290,0,92,437,291,0,291,285,6,146,269,226,0,226,226,0,43
23884,30,15,0,0,0,0,0,15,9,0,0,0,0,0,9,6,0,0,0,0,0,6,0,0,0,0,0,0,0
23885,1376,137,64,0,64,64,0,73,486,273,0,273,260,13,213,415,324,0,324,318,6,91,338,303,0,303,303,0,35
23887,85,0,0,0,0,0,0,0,42,42,0,42,42,0,0,23,23,0,23,23,0,0,20,0,0,0,0,0,20
23888,1036,84,50,0,50,50,0,34,406,264,0,264,261,3,142,341,299,0,299,273,26,42,205,169,0,169,169,0,36
23889,326,145,138,0,138,138,0,7,41,33,0,33,33,0,8,133,70,0,70,70,0,63,7,7,0,7,7,0,0
23890,2286,249,148,0,148,140,8,101,830,584,0,584,560,24,246,649,556,3,553,538,15,93,558,542,2,540,534,6,16
23891,1583,500,0,0,0,0,0,500,833,0,0,0,0,0,833,223,0,0,0,0,0,223,27,0,0,0,0,0,27
23893,125,0,0,0,0,0,0,0,43,25,0,25,20,5,18,82,52,0,52,52,0,30,0,0,0,0,0,0,0
23894,386,96,66,0,66,66,0,30,171,158,0,158,158,0,13,5,5,0,5,5,0,0,114,114,0,114,114,0,0
23897,234,15,0,0,0,0,0,15,84,52,0,52,52,0,32,129,60,0,60,60,0,69,6,6,0,6,5,1,0
23898,1033,47,20,0,20,20,0,27,278,148,0,148,148,0,130,470,390,11,379,379,0,80,238,213,0,213,213,0,25
23899,206,5,1,0,1,1,0,4,86,33,0,33,32,1,53,69,45,0,45,45,0,24,46,37,0,37,37,0,9
23901,7458,1053,419,0,419,367,52,634,2086,1254,0,1254,1254,0,832,2106,1390,0,1390,1361,29,716,2213,1892,0,1892,1885,7,321
23909,0,0,0,0,0,0,0,0,0,0,0,0,0,0,0,0,0,0,0,0,0,0,0,0,0,0,0,0,0
23915,826,128,19,0,19,19,0,109,392,78,0,78,78,0,314,273,76,0,76,76,0,197,33,21,0,21,21,0,12
23917,1589,166,69,0,69,69,0,97,639,397,0,397,397,0,242,477,332,0,332,332,0,145,307,229,0,229,222,7,78
23919,966,30,0,0,0,0,0,30,319,243,0,243,243,0,76,349,174,0,174,174,0,175,268,214,0,214,199,15,54
23920,1625,408,287,0,287,215,72,121,531,462,0,462,437,25,69,391,360,0,360,360,0,31,295,288,0,288,211,77,7
23921,697,53,28,0,28,7,21,25,319,262,0,262,244,18,57,196,183,0,183,176,7,13,129,62,0,62,62,0,67
23922,2807,591,71,0,71,71,0,520,1134,329,0,329,298,31,805,821,355,0,355,343,12,466,261,150,0,150,150,0,111
23923,1172,173,41,0,41,41,0,132,472,295,0,295,295,0,177,355,196,0,196,195,1,159,172,168,0,168,168,0,4
23924,3123,427,169,0,169,156,13,258,1109,753,0,753,753,0,356,942,759,0,759,715,44,183,645,601,0,601,601,0,44
23927,1867,159,70,0,70,63,7,89,287,156,0,156,156,0,131,681,477,0,477,463,14,204,740,620,0,620,602,18,120
23930,2873,272,87,0,87,87,0,185,1093,642,0,642,563,79,451,906,645,0,645,632,13,261,602,469,0,469,469,0,133
23934,216,3,0,0,0,0,0,3,45,31,0,31,31,0,14,128,82,0,82,82,0,46,40,38,0,38,38,0,2
23936,4673,791,206,0,206,206,0,585,2091,847,0,847,826,21,1244,1292,858,0,858,817,41,434,499,464,0,464,446,18,35
23937,982,129,35,0,35,35,0,94,494,321,0,321,279,42,173,322,248,0,248,221,27,74,37,32,0,32,32,0,5
23938,128,16,16,0,16,16,0,0,27,9,0,9,9,0,18,69,59,0,59,59,0,10,16,16,0,16,16,0,0
23942,647,123,123,0,123,123,0,0,148,130,0,130,130,0,18,323,207,0,207,207,0,116,53,46,0,46,46,0,7
23943,0,0,0,0,0,0,0,0,0,0,0,0,0,0,0,0,0,0,0,0,0,0,0,0,0,0,0,0,0
23944,1340,143,46,0,46,30,16,97,592,363,0,363,341,22,229,365,276,0,276,262,14,89,240,200,4,196,196,0,40
23947,1791,223,46,0,46,46,0,177,684,519,0,519,483,36,165,488,338,0,338,338,0,150,396,323,2,321,297,24,73
23950,1874,438,249,0,249,249,0,189,766,385,0,385,331,54,381,517,419,0,419,409,10,98,153,109,0,109,109,0,44
23952,147,0,0,0,0,0,0,0,50,50,0,50,50,0,0,92,46,0,46,46,0,46,5,5,0,5,0,5,0
23954,1068,159,55,0,55,55,0,104,409,179,0,179,179,0,230,395,267,0,267,267,0,128,105,94,0,94,94,0,11
23958,1490,140,44,0,44,44,0,96,631,378,0,378,336,42,253,412,386,0,386,378,8,26,307,233,0,233,193,40,74
23959,707,30,27,0,27,27,0,3,153,128,0,128,128,0,25,422,364,0,364,364,0,58,102,81,0,81,81,0,21
23960,1253,113,47,0,47,47,0,66,639,561,0,561,548,13,78,313,298,0,298,298,0,15,188,180,0,180,180,0,8
23962,305,50,0,0,0,0,0,50,76,54,0,54,48,6,22,117,61,0,61,30,31,56,62,62,0,62,62,0,0
23963,57,16,9,0,9,9,0,7,34,34,0,34,34,0,0,7,7,0,7,7,0,0,0,0,0,0,0,0,0
23964,619,112,73,0,73,73,0,39,131,101,0,101,36,65,30,250,192,0,192,192,0,58,126,117,0,117,117,0,9
23966,862,41,26,0,26,21,5,15,185,81,0,81,81,0,104,315,273,0,273,273,0,42,321,294,26,268,268,0,27
23967,616,58,40,0,40,40,0,18,270,195,0,195,187,8,75,237,175,0,175,175,0,62,51,42,0,42,42,0,9
23968,246,51,51,0,51,51,0,0,29,18,0,18,18,0,11,68,48,0,48,48,0,20,98,98,0,98,98,0,0
23970,4032,453,214,0,214,165,49,239,1180,897,0,897,874,23,283,1234,987,0,987,947,40,247,1165,1058,0,1058,1039,19,107
23974,3092,568,189,0,189,189,0,379,1494,629,0,629,612,17,865,734,530,0,530,516,14,204,296,252,0,252,252,0,44
23976,19,0,0,0,0,0,0,0,11,0,0,0,0,0,11,8,8,0,8,0,8,0,0,0,0,0,0,0,0
24011,384,6,2,0,2,2,0,4,21,18,0,18,18,0,3,28,18,0,18,18,0,10,329,302,0,302,291,11,27
24012,16230,1970,1195,0,1195,1180,15,775,5915,4544,0,4544,4020,524,1371,5156,4243,0,4243,4073,170,913,3189,2767,18,2749,2722,27,422
24013,4248,704,341,0,341,314,27,363,2000,1246,0,1246,1175,71,754,1051,859,0,859,816,43,192,493,431,0,431,381,50,62
24014,8365,659,348,0,348,287,61,311,2575,1714,0,1714,1648,66,861,2236,1826,0,1826,1682,144,410,2895,2532,0,2532,2498,34,363
24015,8469,313,167,0,167,160,7,146,1811,1475,0,1475,1475,0,336,2712,2269,30,2239,2206,33,443,3633,3324,0,3324,3278,46,309
24016,5131,740,294,0,294,263,31,446,1669,1248,0,1248,1163,85,421,1354,963,0,963,890,73,391,1368,1241,0,1241,1228,13,127
24017,12154,1627,913,0,913,864,49,714,5266,3906,0,3906,3608,298,1360,3308,2635,0,2635,2489,146,673,1953,1782,15,1767,1514,253,171
24018,19645,611,229,0,229,210,19,382,3374,2549,0,2549,2435,114,825,5301,4122,0,4122,4018,104,1179,10359,8920,18,8902,8818,84,1439
24019,14411,527,365,0,365,365,0,162,3944,3182,7,3175,3117,58,762,4743,4068,7,4061,3884,177,675,5197,4367,68,4299,4242,57,830
24020,42,0,0,0,0,0,0,0,0,0,0,0,0,0,0,0,0,0,0,0,0,0,42,42,0,42,42,0,0
24053,1559,365,300,0,300,300,0,65,638,550,0,550,536,14,88,426,256,0,256,233,23,170,130,130,0,130,130,0,0
24054,3426,455,290,0,290,194,96,165,1486,989,0,989,917,72,497,1194,1040,0,1040,907,133,154,291,226,0,226,226,0,65
24055,5655,1004,364,0,364,364,0,640,1611,729,0,729,650,79,882,2159,1511,0,1511,1402,109,648,881,724,0,724,724,0,157
24058,94,23,13,0,13,13,0,10,28,28,0,28,28,0,0,43,43,0,43,43,0,0,0,0,0,0,0,0,0
24059,422,0,0,0,0,0,0,0,80,68,0,68,68,0,12,219,166,0,166,166,0,53,123,108,0,108,108,0,15
24060,19582,663,318,0,318,236,82,345,2756,1895,8,1887,1703,184,861,2893,1821,42,1779,1709,70,1072,13270,11297,51,11246,11036,210,1973
24064,2673,118,74,0,74,68,6,44,858,688,0,688,665,23,170,993,726,0,726,719,7,267,704,664,0,664,664,0,40
24065,3454,191,65,0,65,65,0,126,1273,793,0,793,793,0,480,1148,890,0,890,870,20,258,842,710,0,710,710,0,132
24066,2446,274,116,0,116,116,0,158,982,778,0,778,741,37,204,701,510,0,510,501,9,191,489,410,0,410,410,0,79
24067,1235,26,26,0,26,26,0,0,425,363,0,363,363,0,62,531,500,0,500,500,0,31,253,253,0,253,253,0,0
24069,830,51,24,0,24,24,0,27,311,179,0,179,168,11,132,388,310,0,310,284,26,78,80,80,0,80,80,0,0
24070,987,61,34,0,34,30,4,27,368,293,0,293,293,0,75,368,322,0,322,322,0,46,190,154,0,154,154,0,36
24072,747,36,36,0,36,36,0,0,148,100,0,100,100,0,48,347,293,0,293,293,0,54,216,204,0,204,204,0,12
24073,16836,976,595,0,595,510,85,381,4190,3142,0,3142,3079,63,1048,5097,3622,13,3609,3556,53,1475,6573,5886,14,5872,5828,44,687
24076,673,135,12,0,12,12,0,123,98,98,0,98,86,12,0,341,264,0,264,264,0,77,99,99,0,99,99,0,0
24077,398,0,0,0,0,0,0,0,127,127,0,127,127,0,0,101,86,0,86,86,0,15,170,155,0,155,155,0,15
24078,3577,385,276,0,276,188,88,109,1163,923,0,923,795,128,240,1110,1019,0,1019,930,89,91,919,794,0,794,756,38,125
24079,863,0,0,0,0,0,0,0,465,421,0,421,421,0,44,182,110,0,110,110,0,72,216,147,0,147,147,0,69
24082,249,27,8,0,8,0,8,19,73,45,0,45,34,11,28,77,77,0,77,77,0,0,72,64,0,64,64,0,8
24083,1402,3,0,0,0,0,0,3,284,253,0,253,253,0,31,550,394,0,394,366,28,156,565,487,0,487,461,26,78
24084,6134,524,203,0,203,190,13,321,2326,1102,0,1102,1042,60,1224,2157,1662,0,1662,1602,60,495,1127,908,0,908,891,17,219
24085,1217,60,38,0,38,11,27,22,654,386,0,386,382,4,268,374,276,0,276,276,0,98,129,98,0,98,98,0,31
24086,50,0,0,0,0,0,0,0,20,20,0,20,20,0,0,23,14,0,14,14,0,9,7,7,0,7,7,0,0
24087,2097,354,153,0,153,153,0,201,753,620,0,620,620,0,133,635,540,0,540,540,0,95,355,345,0,345,345,0,10
24088,2056,384,86,0,86,86,0,298,828,548,0,548,490,58,280,488,332,0,332,322,10,156,356,286,0,286,286,0,70
24089,1777,304,69,0,69,69,0,235,784,377,0,377,377,0,407,623,555,0,555,555,0,68,66,0,0,0,0,0,66
24090,2612,90,26,0,26,26,0,64,986,625,0,625,625,0,361,850,692,0,692,692,0,158,686,579,7,572,572,0,107
24091,3804,214,139,0,139,139,0,75,1271,996,0,996,973,23,275,1321,1141,0,1141,1090,51,180,998,650,0,650,650,0,348
24092,1947,97,34,0,34,34,0,63,844,688,0,688,688,0,156,621,482,0,482,418,64,139,385,341,0,341,341,0,44
24093,68,26,15,0,15,15,0,11,18,11,0,11,11,0,7,23,16,0,16,16,0,7,1,1,0,1,1,0,0
24095,2351,143,44,0,44,44,0,99,780,576,0,576,576,0,204,934,730,0,730,677,53,204,494,455,0,455,441,14,39
24101,3341,205,94,0,94,86,8,111,1325,964,0,964,964,0,361,1054,801,0,801,749,52,253,757,583,0,583,564,19,174
24102,749,87,65,0,65,65,0,22,190,118,0,118,118,0,72,158,112,0,112,88,24,46,314,253,0,253,235,18,61
24104,1584,42,24,0,24,24,0,18,614,388,0,388,388,0,226,479,347,0,347,347,0,132,449,370,0,370,354,16,79
24105,226,0,0,0,0,0,0,0,120,120,0,120,120,0,0,90,43,0,43,43,0,47,16,0,0,0,0,0,16
24112,14199,1930,872,0,872,824,48,1058,4349,3236,0,3236,3081,155,1113,5151,3850,0,3850,3693,157,1301,2769,2321,0,2321,2313,8,448
24120,680,63,25,0,25,25,0,38,336,211,0,211,211,0,125,178,153,0,153,153,0,25,103,72,0,72,72,0,31
24121,4779,348,215,0,215,215,0,133,1700,1028,0,1028,996,32,672,1504,1100,0,1100,1091,9,404,1227,910,0,910,910,0,317
24122,899,92,37,0,37,20,17,55,475,336,0,336,318,18,139,257,199,0,199,199,0,58,75,59,0,59,59,0,16
24124,2193,199,156,0,156,153,3,43,827,625,0,625,568,57,202,832,606,0,606,580,26,226,335,246,7,239,228,11,89
24127,2202,158,31,0,31,16,15,127,1010,826,0,826,826,0,184,666,360,0,360,360,0,306,368,329,0,329,329,0,39
24128,1046,29,7,0,7,7,0,22,403,211,0,211,197,14,192,265,245,0,245,245,0,20,349,329,0,329,323,6,20
24131,0,0,0,0,0,0,0,0,0,0,0,0,0,0,0,0,0,0,0,0,0,0,0,0,0,0,0,0,0
24132,124,45,0,0,0,0,0,45,16,16,0,16,16,0,0,8,6,0,6,6,0,2,55,55,0,55,55,0,0
24133,997,184,84,0,84,84,0,100,335,282,0,282,282,0,53,373,283,0,283,283,0,90,105,89,0,89,89,0,16
24134,2663,265,119,0,119,80,39,146,783,614,0,614,549,65,169,1060,836,0,836,817,19,224,555,454,0,454,439,15,101
24136,1686,135,69,0,69,58,11,66,678,497,0,497,497,0,181,456,381,0,381,381,0,75,417,372,0,372,372,0,45
24137,1486,118,65,0,65,65,0,53,508,381,0,381,381,0,127,605,526,0,526,526,0,79,255,185,0,185,185,0,70
24138,1056,53,23,0,23,23,0,30,382,339,0,339,339,0,43,425,209,0,209,209,0,216,196,144,0,144,144,0,52
24139,142,27,14,0,14,14,0,13,47,19,0,19,19,0,28,68,47,0,47,47,0,21,0,0,0,0,0,0,0
24141,10702,691,419,0,419,388,31,272,2333,1385,0,1385,1315,70,948,3241,2560,0,2560,2441,119,681,4437,3862,11,3851,3619,232,575
24142,11,0,0,0,0,0,0,0,0,0,0,0,0,0,0,11,0,0,0,0,0,11,0,0,0,0,0,0,0
24147,631,21,5,0,5,5,0,16,211,164,0,164,161,3,47,222,178,0,178,171,7,44,177,175,0,175,175,0,2
24148,4170,458,193,0,193,177,16,265,1402,730,0,730,699,31,672,1477,1098,0,1098,1067,31,379,833,709,0,709,709,0,124
24149,2125,80,51,0,51,51,0,29,754,480,0,480,480,0,274,720,618,0,618,566,52,102,571,459,0,459,439,20,112
24150,538,53,43,0,43,0,43,10,22,6,0,6,6,0,16,349,328,0,328,328,0,21,114,96,0,96,96,0,18
24151,10124,1051,380,0,380,313,67,671,3704,2604,0,2604,2328,276,1100,3430,2579,0,2579,2501,78,851,1939,1788,0,1788,1788,0,151
24153,19075,1530,923,0,923,815,108,607,5289,3504,0,3504,3400,104,1785,6557,5204,240,4964,4729,235,1353,5699,5120,4,5116,5039,77,579
24161,180,58,0,0,0,0,0,58,62,57,0,57,57,0,5,47,36,0,36,36,0,11,13,13,0,13,13,0,0
24162,1621,142,142,0,142,142,0,0,820,303,0,303,292,11,517,516,497,0,497,497,0,19,143,44,0,44,44,0,99
24165,655,78,7,0,7,7,0,71,288,160,0,160,141,19,128,251,176,0,176,153,23,75,38,25,0,25,25,0,13
24167,87,0,0,0,0,0,0,0,78,67,0,67,67,0,11,9,9,0,9,9,0,0,0,0,0,0,0,0,0
24168,120,75,0,0,0,0,0,75,28,28,0,28,28,0,0,17,17,0,17,17,0,0,0,0,0,0,0,0,0
24171,4114,310,134,0,134,124,10,176,1704,1086,0,1086,1043,43,618,1471,1190,0,1190,1110,80,281,629,572,0,572,559,13,57
24174,1792,261,191,0,191,191,0,70,835,588,0,588,542,46,247,552,327,0,327,327,0,225,144,124,0,124,124,0,20
24175,4302,169,70,0,70,70,0,99,1257,1054,0,1054,1048,6,203,1547,1266,0,1266,1266,0,281,1329,1121,0,1121,1106,15,208
24176,582,0,0,0,0,0,0,0,112,76,0,76,68,8,36,201,136,0,136,126,10,65,269,172,0,172,172,0,97
24179,9186,601,358,0,358,358,0,243,2923,2070,0,2070,1966,104,853,3428,2840,0,2840,2789,51,588,2234,2003,0,2003,1986,17,231
24184,1872,75,34,0,34,34,0,41,766,514,0,514,496,18,252,707,564,21,543,543,0,143,324,283,0,283,255,28,41
24185,441,14,0,0,0,0,0,14,0,0,0,0,0,0,0,357,357,0,357,357,0,0,70,70,0,70,70,0,0
24201,7874,1115,505,0,505,412,93,610,2221,1503,0,1503,1371,132,718,2580,1844,0,1844,1773,71,736,1958,1745,0,1745,1745,0,213
24202,6831,322,173,0,173,173,0,149,2986,2154,0,2154,2095,59,832,2335,1879,0,1879,1856,23,456,1188,1004,0,1004,1004,0,184
24210,8465,930,303,0,303,259,44,627,2733,1586,0,1586,1516,70,1147,2311,1654,12,1642,1551,91,657,2491,2179,0,2179,2147,32,312
24211,5484,320,193,0,193,164,29,127,1442,997,0,997,984,13,445,1730,1241,0,1241,1163,78,489,1992,1667,0,1667,1634,33,325
24216,1219,253,35,0,35,25,10,218,388,180,0,180,145,35,208,432,214,0,214,213,1,218,146,125,0,125,125,0,21
24217,88,17,0,0,0,0,0,17,30,12,0,12,12,0,18,32,32,0,32,20,12,0,9,9,0,9,9,0,0
24219,6808,1139,165,0,165,165,0,974,1877,916,0,916,843,73,961,2684,1637,0,1637,1563,74,1047,1108,923,0,923,907,16,185
24220,628,29,0,0,0,0,0,29,170,74,0,74,74,0,96,346,286,0,286,286,0,60,83,75,0,75,75,0,8
24221,247,6,6,0,6,6,0,0,57,20,0,20,20,0,37,123,77,0,77,77,0,46,61,52,0,52,52,0,9
24224,2928,484,160,0,160,160,0,324,1148,466,0,466,439,27,682,1018,638,0,638,621,17,380,278,195,0,195,195,0,83
24225,1108,197,49,0,49,48,1,148,422,107,0,107,75,32,315,441,244,0,244,220,24,197,48,48,0,48,36,12,0
24226,766,87,9,0,9,9,0,78,298,196,1,195,195,0,102,325,137,0,137,137,0,188,56,52,0,52,52,0,4
24228,3227,419,166,0,166,159,7,253,1064,441,0,441,412,29,623,1232,668,0,668,626,42,564,512,483,0,483,475,8,29
24230,3828,774,194,0,194,170,24,580,1128,670,0,670,617,53,458,1254,816,0,816,755,61,438,672,434,0,434,428,6,238
24236,1490,229,65,0,65,65,0,164,539,254,0,254,239,15,285,373,313,0,313,299,14,60,349,249,0,249,249,0,100
24237,448,126,14,0,14,0,14,112,203,62,0,62,38,24,141,90,68,0,68,68,0,22,29,10,0,10,10,0,19
24239,63,16,0,0,0,0,0,16,47,47,0,47,15,32,0,0,0,0,0,0,0,0,0,0,0,0,0,0,0
24243,939,36,0,0,0,0,0,36,344,217,0,217,217,0,127,506,344,0,344,344,0,162,53,31,0,31,31,0,22
24244,3200,543,129,0,129,129,0,414,1124,423,0,423,389,34,701,1102,796,0,796,759,37,306,431,331,0,331,331,0,100
24245,449,66,18,0,18,18,0,48,152,81,0,81,81,0,71,203,149,0,149,149,0,54,28,24,0,24,24,0,4
24246,163,46,0,0,0,0,0,46,74,74,0,74,0,74,0,43,43,0,43,43,0,0,0,0,0,0,0,0,0
24248,1171,271,90,0,90,90,0,181,437,263,0,263,263,0,174,309,168,0,168,168,0,141,154,154,0,154,120,34,0
24250,643,148,50,0,50,50,0,98,278,154,0,154,154,0,124,196,119,0,119,97,22,77,21,13,0,13,13,0,8
24251,3825,271,80,0,80,67,13,191,1548,1050,0,1050,1045,5,498,1196,872,23,849,823,26,324,810,676,24,652,645,7,134
24256,1877,385,59,0,59,56,3,326,864,345,0,345,294,51,519,512,253,0,253,231,22,259,116,112,0,112,97,15,4
24258,819,75,18,0,18,18,0,57,298,125,0,125,125,0,173,331,265,0,265,248,17,66,115,89,0,89,78,11,26
24260,2422,425,116,0,116,78,38,309,926,310,0,310,309,1,616,783,395,0,395,373,22,388,288,178,0,178,178,0,110
24263,2856,421,113,0,113,113,0,308,932,319,0,319,261,58,613,1082,876,0,876,646,230,206,421,361,0,361,351,10,60
24265,747,122,9,0,9,0,9,113,289,75,0,75,75,0,214,306,21,0,21,21,0,285,30,7,0,7,7,0,23
24266,4840,424,90,0,90,51,39,334,1988,835,0,835,798,37,1153,1783,1395,0,1395,1328,67,388,645,523,0,523,512,11,122
24269,261,98,24,0,24,24,0,74,115,79,0,79,79,0,36,48,32,0,32,32,0,16,0,0,0,0,0,0,0
24270,332,21,0,0,0,0,0,21,191,104,0,104,104,0,87,85,85,0,85,85,0,0,35,29,0,29,29,0,6
24271,1238,218,138,0,138,138,0,80,459,257,0,257,251,6,202,418,264,4,260,260,0,154,143,107,0,107,106,1,36
24272,177,20,0,0,0,0,0,20,116,49,0,49,49,0,67,40,13,0,13,13,0,27,1,1,0,1,1,0,0
24273,3101,503,161,0,161,137,24,342,951,628,0,628,496,132,323,1100,885,0,885,839,46,215,547,440,0,440,440,0,107
24277,4048,1048,190,0,190,165,25,858,1546,630,0,630,611,19,916,1176,539,0,539,530,9,637,278,182,0,182,182,0,96
24279,3184,763,267,0,267,190,77,496,1437,652,0,652,567,85,785,729,360,0,360,349,11,369,255,168,0,168,168,0,87
24280,536,45,45,0,45,45,0,0,195,140,0,140,138,2,55,194,128,0,128,128,0,66,102,102,0,102,102,0,0
24281,1195,152,53,0,53,53,0,99,460,229,0,229,229,0,231,386,386,0,386,386,0,0,197,177,0,177,177,0,20
24282,377,128,38,0,38,35,3,90,101,37,0,37,33,4,64,140,45,0,45,25,20,95,8,0,0,0,0,0,8
24283,1004,119,44,0,44,26,18,75,328,165,0,165,133,32,163,388,228,0,228,199,29,160,169,114,0,114,114,0,55
24290,1092,139,79,0,79,58,21,60,381,235,0,235,227,8,146,371,319,0,319,300,19,52,201,156,0,156,153,3,45
24292,170,19,0,0,0,0,0,19,113,78,0,78,78,0,35,26,10,0,10,10,0,16,12,12,0,12,12,0,0
24293,4781,652,361,0,361,285,76,291,1416,665,0,665,566,99,751,1548,1041,2,1039,1017,22,507,1165,1020,0,1020,1020,0,145
24301,7098,671,291,0,291,241,50,380,2436,1614,0,1614,1503,111,822,2930,2425,31,2394,2311,83,505,1061,945,0,945,925,20,116
24311,827,77,14,0,14,14,0,63,266,157,0,157,146,11,109,386,298,0,298,298,0,88,98,82,0,82,82,0,16
24312,1151,284,82,0,82,82,0,202,312,144,0,144,132,12,168,424,301,0,301,288,13,123,131,125,0,125,125,0,6
24313,399,44,20,0,20,20,0,24,254,254,0,254,226,28,0,74,74,0,74,74,0,0,27,27,0,27,27,0,0
24314,669,58,39,0,39,39,0,19,240,148,0,148,127,21,92,224,157,0,157,139,18,67,147,127,0,127,127,0,20
24315,2159,122,6,0,6,0,6,116,1126,396,0,396,372,24,730,669,465,0,465,465,0,204,242,206,0,206,206,0,36
24316,0,0,0,0,0,0,0,0,0,0,0,0,0,0,0,0,0,0,0,0,0,0,0,0,0,0,0,0,0
24317,2486,478,271,0,271,271,0,207,946,487,11,476,440,36,459,736,699,0,699,699,0,37,326,282,0,282,270,12,44
24318,248,24,12,0,12,12,0,12,119,91,0,91,91,0,28,80,65,0,65,65,0,15,25,25,0,25,25,0,0
24319,3356,311,91,0,91,89,2,220,1284,822,0,822,750,72,462,1086,733,0,733,733,0,353,675,535,0,535,521,14,140
24322,17,8,0,0,0,0,0,8,9,9,0,9,9,0,0,0,0,0,0,0,0,0,0,0,0,0,0,0,0
24323,487,44,30,0,30,30,0,14,150,118,0,118,118,0,32,230,152,0,152,152,0,78,63,63,0,63,63,0,0
24324,1405,31,23,0,23,23,0,8,429,319,0,319,319,0,110,739,613,0,613,613,0,126,206,195,0,195,195,0,11
24325,512,66,15,0,15,15,0,51,178,63,0,63,63,0,115,161,96,0,96,96,0,65,107,107,0,107,107,0,0
24326,388,28,15,0,15,15,0,13,136,94,0,94,94,0,42,137,107,0,107,107,0,30,87,59,0,59,59,0,28
24328,819,106,93,0,93,61,32,13,142,76,0,76,76,0,66,459,272,0,272,272,0,187,112,71,0,71,71,0,41
24330,1497,303,170,0,170,139,31,133,556,304,0,304,278,26,252,477,315,0,315,308,7,162,161,150,0,150,150,0,11
24333,8595,1478,748,0,748,742,6,730,2496,1741,0,1741,1715,26,755,3112,2582,0,2582,2439,143,530,1509,1247,17,1230,1205,25,262
24340,2889,374,177,0,177,177,0,197,1016,709,0,709,684,25,307,831,570,0,570,513,57,261,668,550,0,550,545,5,118
24343,4485,555,190,0,190,189,1,365,2003,1499,0,1499,1451,48,504,1218,907,0,907,904,3,311,709,574,0,574,568,6,135
24347,721,33,0,0,0,0,0,33,286,187,0,187,171,16,99,331,281,0,281,281,0,50,71,71,0,71,71,0,0
24348,2711,496,134,0,134,134,0,362,1189,588,0,588,541,47,601,668,396,0,396,387,9,272,358,313,0,313,301,12,45
24350,721,177,100,0,100,93,7,77,310,114,0,114,104,10,196,192,104,0,104,104,0,88,42,33,0,33,33,0,9
24351,69,23,0,0,0,0,0,23,20,12,0,12,12,0,8,26,26,0,26,26,0,0,0,0,0,0,0,0,0
24352,654,86,36,0,36,36,0,50,124,49,0,49,49,0,75,212,212,0,212,212,0,0,232,228,0,228,228,0,4
24354,7439,734,238,0,238,230,8,496,2815,1593,0,1593,1544,49,1222,2652,1950,0,1950,1830,120,702,1238,975,0,975,975,0,263
24360,3128,218,69,0,69,69,0,149,1187,899,0,899,874,25,288,896,759,0,759,701,58,137,827,704,0,704,704,0,123
24361,2446,352,115,0,115,100,15,237,823,494,0,494,454,40,329,773,592,0,592,564,28,181,498,355,0,355,329,26,143
24363,708,76,34,0,34,34,0,42,173,131,0,131,123,8,42,306,286,0,286,281,5,20,153,96,0,96,96,0,57
24366,308,13,0,0,0,0,0,13,131,111,0,111,111,0,20,109,67,0,67,67,0,42,55,46,0,46,46,0,9
24368,3020,239,140,0,140,132,8,99,1323,1051,0,1051,1020,31,272,994,790,0,790,707,83,204,464,399,0,399,399,0,65
24370,3042,485,144,0,144,144,0,341,1211,748,0,748,679,69,463,920,588,0,588,531,57,332,426,389,0,389,389,0,37
24374,468,9,0,0,0,0,0,9,241,150,0,150,150,0,91,149,127,0,127,127,0,22,69,69,0,69,69,0,0
24375,881,132,64,0,64,64,0,68,278,174,0,174,174,0,104,440,320,0,320,320,0,120,31,31,0,31,31,0,0
24377,239,9,9,0,9,9,0,0,150,69,0,69,69,0,81,80,58,0,58,58,0,22,0,0,0,0,0,0,0
24378,477,54,31,0,31,31,0,23,209,166,0,166,166,0,43,179,126,0,126,126,0,53,35,31,0,31,31,0,4
24380,1251,156,122,0,122,90,32,34,584,449,0,449,405,44,135,257,169,0,169,169,0,88,254,254,14,240,240,0,0
24381,1675,123,68,0,68,68,0,55,851,712,0,712,695,17,139,441,368,0,368,368,0,73,260,245,0,245,245,0,15
24382,6881,708,456,0,456,431,25,252,2563,1575,0,1575,1514,61,988,2085,1706,0,1706,1662,44,379,1525,1237,0,1237,1224,13,288
24401,17782,1345,805,0,805,774,31,540,5237,3947,0,3947,3821,126,1290,5717,4602,4,4598,4439,159,1115,5483,4753,0,4753,4667,86,730
24411,21,9,9,0,9,9,0,0,12,12,0,12,12,0,0,0,0,0,0,0,0,0,0,0,0,0,0,0,0
24412,144,0,0,0,0,0,0,0,0,0,0,0,0,0,0,59,59,0,59,59,0,0,85,85,0,85,85,0,0
24413,112,11,5,0,5,5,0,6,52,41,0,41,41,0,11,28,28,0,28,28,0,0,21,21,0,21,21,0,0
24415,0,0,0,0,0,0,0,0,0,0,0,0,0,0,0,0,0,0,0,0,0,0,0,0,0,0,0,0,0
24416,4087,664,410,0,410,410,0,254,1414,933,0,933,933,0,481,1185,1023,0,1023,986,37,162,824,782,18,764,764,0,42
24421,2317,203,128,0,128,128,0,75,1188,1029,0,1029,1018,11,159,521,492,0,492,483,9,29,405,344,13,331,331,0,61
24422,2878,212,61,0,61,53,8,151,1189,725,0,725,700,25,464,1028,737,0,737,669,68,291,449,410,0,410,398,12,39
24426,6826,608,412,0,412,369,43,196,2892,1737,0,1737,1702,35,1155,2357,1865,0,1865,1858,7,492,969,877,0,877,869,8,92
24430,2945,772,49,0,49,45,4,723,1519,176,0,176,173,3,1343,573,168,0,168,148,20,405,81,67,0,67,63,4,14
24431,1320,199,121,0,121,121,0,78,680,485,0,485,418,67,195,268,166,0,166,166,0,102,173,173,0,173,173,0,0
24432,270,34,25,0,25,25,0,9,86,76,0,76,76,0,10,111,106,0,106,106,0,5,39,39,0,39,39,0,0
24433,45,8,4,0,4,4,0,4,37,37,0,37,37,0,0,0,0,0,0,0,0,0,0,0,0,0,0,0,0
24435,891,0,0,0,0,0,0,0,186,170,0,170,170,0,16,235,150,0,150,150,0,85,470,437,0,437,391,46,33
24437,850,79,35,0,35,35,0,44,447,314,0,314,215,99,133,223,129,0,129,129,0,94,101,101,0,101,101,0,0
24439,570,48,18,0,18,18,0,30,324,196,0,196,196,0,128,156,116,0,116,116,0,40,42,34,0,34,34,0,8
24440,1772,130,44,0,44,44,0,86,1031,827,0,827,767,60,204,526,388,0,388,388,0,138,85,71,0,71,71,0,14
24441,3190,167,111,0,111,93,18,56,1419,1199,0,1199,1174,25,220,988,743,0,743,735,8,245,616,597,0,597,571,26,19
24442,77,2,0,0,0,0,0,2,47,30,0,30,30,0,17,9,9,0,9,9,0,0,19,19,0,19,19,0,0
24445,1277,122,73,0,73,73,0,49,428,354,0,354,354,0,74,556,392,0,392,287,105,164,171,171,0,171,171,0,0
24448,208,11,8,0,8,8,0,3,95,69,0,69,65,4,26,75,58,0,58,26,32,17,27,14,0,14,14,0,13
24450,6952,521,202,0,202,184,18,319,1630,1074,0,1074,1059,15,556,1800,1599,0,1599,1599,0,201,3001,2415,39,2376,2317,59,586
24457,175,78,27,0,27,27,0,51,40,21,0,21,21,0,19,57,57,0,57,57,0,0,0,0,0,0,0,0,0
24458,117,2,0,0,0,0,0,2,57,40,0,40,24,16,17,23,11,0,11,11,0,12,35,12,0,12,12,0,23
24459,299,0,0,0,0,0,0,0,192,192,0,192,192,0,0,28,28,0,28,28,0,0,79,70,0,70,70,0,9
24460,517,12,0,0,0,0,0,12,315,255,0,255,255,0,60,152,98,14,84,84,0,54,38,38,0,38,38,0,0
24464,69,0,0,0,0,0,0,0,33,0,0,0,0,0,33,10,10,0,10,10,0,0,26,16,0,16,16,0,10
24465,427,46,20,0,20,20,0,26,139,71,0,71,71,0,68,131,102,0,102,102,0,29,111,90,0,90,90,0,21
24467,1321,46,17,0,17,17,0,29,496,466,0,466,466,0,30,121,81,0,81,81,0,40,658,581,21,560,560,0,77
24471,890,65,29,0,29,29,0,36,194,142,0,142,142,0,52,200,200,0,200,200,0,0,431,409,0,409,409,0,22
24472,990,85,47,0,47,36,11,38,665,441,0,441,335,106,224,87,52,0,52,52,0,35,153,140,0,140,140,0,13
24473,313,0,0,0,0,0,0,0,93,84,0,84,84,0,9,121,81,0,81,51,30,40,99,87,0,87,87,0,12
24474,241,20,0,0,0,0,0,20,113,25,0,25,25,0,88,79,62,24,38,38,0,17,29,29,0,29,29,0,0
24476,109,0,0,0,0,0,0,0,20,20,0,20,20,0,0,71,71,0,71,71,0,0,18,18,0,18,18,0,0
24477,5618,337,181,0,181,181,0,156,2276,1816,0,1816,1803,13,460,1771,1594,7,1587,1551,36,177,1234,1195,6,1189,1176,13,39
24479,857,18,18,0,18,18,0,0,237,185,0,185,185,0,52,358,349,0,349,337,12,9,244,208,0,208,208,0,36
24482,2881,594,372,0,372,329,43,222,1240,668,0,668,633,35,572,599,442,0,442,442,0,157,448,387,0,387,387,0,61
24483,490,34,20,0,20,20,0,14,302,234,0,234,234,0,68,104,67,0,67,67,0,37,50,15,0,15,15,0,35
24484,316,10,10,0,10,10,0,0,152,142,0,142,125,17,10,108,80,0,80,80,0,28,46,46,0,46,46,0,0
24485,198,22,15,0,15,15,0,7,122,86,0,86,86,0,36,28,28,0,28,28,0,0,26,26,0,26,26,0,0
24486,1694,82,49,0,49,49,0,33,605,491,0,491,479,12,114,368,280,0,280,280,0,88,639,571,0,571,571,0,68
24487,229,0,0,0,0,0,0,0,154,145,0,145,145,0,9,21,0,0,0,0,0,21,54,37,0,37,37,0,17
24501,12181,1568,852,0,852,823,29,716,3715,2606,0,2606,2535,71,1109,4029,3310,40,3270,3162,108,719,2869,2555,0,2555,2485,70,314
24502,19040,1203,831,0,831,820,11,372,4071,2937,13,2924,2731,193,1134,6045,4495,11,4484,4404,80,1550,7721,6513,0,6513,6410,103,1208
24503,8481,340,132,0,132,124,8,208,1021,720,65,655,618,37,301,2042,1636,0,1636,1511,125,406,5078,4069,0,4069,3963,106,1009
24504,4699,576,223,0,223,214,9,353,1502,1038,0,1038,966,72,464,1353,946,0,946,928,18,407,1268,1021,0,1021,1013,8,247
24517,2714,271,140,0,140,130,10,131,1168,714,0,714,635,79,454,761,586,0,586,520,66,175,514,436,0,436,429,7,78
24520,1129,0,0,0,0,0,0,0,424,329,0,329,329,0,95,522,342,0,342,342,0,180,183,124,0,124,124,0,59
24521,4729,486,339,0,339,275,64,147,1565,1320,0,1320,1248,72,245,1420,1012,0,1012,1004,8,408,1258,1080,0,1080,1080,0,178
24522,4596,358,187,0,187,170,17,171,1803,1080,0,1080,1059,21,723,1405,1087,7,1080,1070,10,318,1030,861,0,861,823,38,169
24523,10241,1065,442,0,442,418,24,623,3619,2656,0,2656,2625,31,963,3173,2604,0,2604,2470,134,569,2384,2018,0,2018,1962,56,366
24526,718,13,13,0,13,13,0,0,191,123,0,123,123,0,68,366,186,0,186,175,11,180,148,141,0,141,134,7,7
24527,1590,110,59,0,59,59,0,51,626,458,0,458,447,11,168,612,497,0,497,497,0,115,242,234,0,234,234,0,8
24528,1674,298,192,0,192,185,7,106,709,391,0,391,387,4,318,456,337,0,337,317,20,119,211,182,0,182,182,0,29
24529,729,156,68,0,68,60,8,88,195,123,0,123,123,0,72,224,212,0,212,206,6,12,154,131,0,131,131,0,23
24530,405,47,36,0,36,30,6,11,160,105,0,105,105,0,55,141,99,0,99,74,25,42,57,57,0,57,57,0,0
24531,4870,793,234,0,234,234,0,559,1920,879,0,879,825,54,1041,1438,944,0,944,907,37,494,719,583,0,583,580,3,136
24534,541,103,48,0,48,25,23,55,150,117,0,117,117,0,33,219,142,0,142,135,7,77,69,69,0,69,69,0,0
24536,124,0,0,0,0,0,0,0,43,31,0,31,31,0,12,19,0,0,0,0,0,19,62,62,0,62,62,0,0
24538,2811,328,245,0,245,245,0,83,1109,799,0,799,799,0,310,683,597,0,597,572,25,86,691,578,0,578,552,26,113
24539,60,12,12,0,12,12,0,0,8,0,0,0,0,0,8,40,40,0,40,34,6,0,0,0,0,0,0,0,0
24540,15198,1739,804,0,804,756,48,935,4808,3639,0,3639,3360,279,1169,5754,4556,0,4556,4310,246,1198,2897,2441,0,2441,2361,80,456
24541,13985,1482,627,0,627,560,67,855,4618,2883,9,2874,2634,240,1735,4653,3514,0,3514,3266,248,1139,3232,2694,12,2682,2612,70,538
24549,2179,180,106,0,106,90,16,74,676,495,0,495,486,9,181,1048,840,0,840,818,22,208,275,192,0,192,192,0,83
24550,4525,271,222,0,222,207,15,49,1724,1168,0,1168,1154,14,556,1269,1125,0,1125,1103,22,144,1261,1007,0,1007,1007,0,254
24551,13733,425,229,0,229,206,23,196,2238,1576,0,1576,1553,23,662,4223,3518,32,3486,3421,65,705,6847,5805,33,5772,5620,152,1042
24553,1068,171,129,0,129,121,8,42,393,273,0,273,230,43,120,350,242,0,242,242,0,108,154,142,0,142,142,0,12
24554,1856,193,120,0,120,120,0,73,758,504,0,504,501,3,254,599,438,0,438,438,0,161,306,244,0,244,244,0,62
24555,1008,41,13,0,13,7,6,28,545,373,0,373,309,64,172,315,261,0,261,261,0,54,107,96,0,96,96,0,11
24556,1415,93,25,0,25,25,0,68,469,325,0,325,325,0,144,445,383,0,383,375,8,62,408,355,0,355,355,0,53
24557,4010,874,427,0,427,399,28,447,1534,1073,0,1073,1049,24,461,1050,775,9,766,750,16,275,552,468,6,462,462,0,84
24558,3078,564,203,0,203,186,17,361,991,570,0,570,551,19,421,813,642,0,642,627,15,171,710,617,0,617,617,0,93
24562,429,48,28,0,28,28,0,20,253,144,0,144,128,16,109,79,61,0,61,61,0,18,49,31,0,31,31,0,18
24563,2650,365,239,0,239,239,0,126,1195,863,0,863,754,109,332,766,610,0,610,552,58,156,324,259,0,259,259,0,65
24565,435,110,51,0,51,51,0,59,184,106,0,106,103,3,78,76,69,0,69,69,0,7,65,39,0,39,39,0,26
24566,556,62,35,0,35,35,0,27,109,87,0,87,80,7,22,326,253,0,253,253,0,73,59,48,0,48,48,0,11
24569,478,62,42,0,42,42,0,20,171,119,0,119,119,0,52,106,68,0,68,44,24,38,139,69,0,69,69,0,70
24570,0,0,0,0,0,0,0,0,0,0,0,0,0,0,0,0,0,0,0,0,0,0,0,0,0,0,0,0,0
24571,1093,140,116,0,116,97,19,24,426,356,0,356,356,0,70,360,302,0,302,302,0,58,167,162,0,162,162,0,5
24572,8755,831,428,0,428,346,82,403,3372,2499,0,2499,2377,122,873,2928,2516,0,2516,2331,185,412,1624,1482,5,1477,1477,0,142
24574,2104,224,161,0,161,161,0,63,797,594,0,594,578,16,203,406,356,0,356,356,0,50,677,610,0,610,599,11,67
24577,1791,231,137,0,137,137,0,94,833,610,0,610,573,37,223,510,384,25,359,355,4,126,217,174,0,174,174,0,43
24578,634,78,52,0,52,14,38,26,208,150,0,150,150,0,58,197,92,0,92,92,0,105,151,151,0,151,151,0,0
24579,421,37,37,0,37,37,0,0,305,201,0,201,201,0,104,62,28,0,28,20,8,34,17,17,0,17,17,0,0
24580,316,31,2,0,2,2,0,29,137,104,0,104,104,0,33,138,90,0,90,90,0,48,10,10,0,10,10,0,0
24581,0,0,0,0,0,0,0,0,0,0,0,0,0,0,0,0,0,0,0,0,0,0,0,0,0,0,0,0,0
24586,2550,264,204,0,204,122,82,60,1032,778,0,778,778,0,254,906,644,0,644,615,29,262,348,279,0,279,279,0,69
24588,5363,589,351,0,351,351,0,238,2008,1327,0,1327,1269,58,681,1757,1346,0,1346,1288,58,411,1009,878,0,878,865,13,131
24589,1437,214,173,0,173,173,0,41,549,326,0,326,322,4,223,453,390,5,385,385,0,63,221,206,0,206,206,0,15
24590,4770,532,359,0,359,319,40,173,1214,823,0,823,738,85,391,1560,1309,0,1309,1188,121,251,1464,1338,0,1338,1336,2,126
24592,6394,582,249,0,249,241,8,333,2286,1628,0,1628,1586,42,658,2330,1661,0,1661,1578,83,669,1196,919,0,919,880,39,277
24593,1401,145,112,0,112,112,0,33,314,243,0,243,235,8,71,585,507,0,507,499,8,78,357,357,0,357,357,0,0
24594,525,55,16,0,16,16,0,39,200,194,0,194,194,0,6,129,97,0,97,97,0,32,141,141,0,141,141,0,0
24595,96,0,0,0,0,0,0,0,38,19,0,19,19,0,19,26,26,0,26,0,26,0,32,32,0,32,32,0,0
24597,639,20,6,0,6,6,0,14,198,157,0,157,144,13,41,333,299,0,299,289,10,34,88,88,0,88,73,15,0
24598,986,137,69,0,69,69,0,68,389,275,0,275,275,0,114,314,250,6,244,244,0,64,146,137,0,137,137,0,9
24599,402,47,9,0,9,9,0,38,199,181,0,181,181,0,18,57,57,0,57,57,0,0,99,61,0,61,61,0,38
24601,0,0,0,0,0,0,0,0,0,0,0,0,0,0,0,0,0,0,0,0,0,0,0,0,0,0,0,0,0
24602,490,246,14,0,14,14,0,232,86,70,0,70,49,21,16,114,66,0,66,66,0,48,44,44,0,44,36,8,0
24603,442,171,78,0,78,78,0,93,91,69,0,69,69,0,22,161,94,0,94,94,0,67,19,19,0,19,19,0,0
24604,95,81,43,0,43,43,0,38,0,0,0,0,0,0,0,14,0,0,0,0,0,14,0,0,0,0,0,0,0
24605,3811,287,89,0,89,89,0,198,1371,1079,0,1079,1055,24,292,1312,959,0,959,936,23,353,841,688,0,688,672,16,153
24606,64,0,0,0,0,0,0,0,28,0,0,0,0,0,28,0,0,0,0,0,0,0,36,36,0,36,36,0,0
24607,165,0,0,0,0,0,0,0,139,26,0,26,26,0,113,26,20,0,20,20,0,6,0,0,0,0,0,0,0
24609,3288,327,119,0,119,119,0,208,1016,575,0,575,544,31,441,1407,1007,7,1000,892,108,400,538,399,0,399,370,29,139
24612,67,0,0,0,0,0,0,0,46,46,0,46,8,38,0,9,0,0,0,0,0,9,12,12,0,12,12,0,0
24613,461,199,23,0,23,23,0,176,131,77,0,77,77,0,54,131,107,0,107,107,0,24,0,0,0,0,0,0,0
24614,3274,620,190,0,190,190,0,430,1125,692,0,692,611,81,433,1017,646,0,646,646,0,371,512,328,0,328,323,5,184
24620,1935,437,83,0,83,83,0,354,846,340,0,340,282,58,506,495,226,0,226,219,7,269,157,117,0,117,112,5,40
24622,270,54,11,0,11,11,0,43,119,46,0,46,46,0,73,94,84,0,84,84,0,10,3,3,0,3,3,0,0
24630,3637,400,53,0,53,53,0,347,1549,1053,0,1053,1053,0,496,1133,867,13,854,682,172,266,555,403,0,403,319,84,152
24631,1376,303,89,0,89,43,46,214,495,213,0,213,209,4,282,432,263,0,263,222,41,169,146,53,0,53,53,0,93
24634,225,54,0,0,0,0,0,54,81,24,0,24,24,0,57,64,52,0,52,52,0,12,26,22,0,22,22,0,4
24635,1120,162,0,0,0,0,0,162,621,25,0,25,25,0,596,281,47,0,47,41,6,234,56,10,0,10,9,1,46
24637,1840,205,76,0,76,76,0,129,510,304,0,304,291,13,206,679,528,0,528,488,40,151,446,375,0,375,375,0,71
24639,1786,287,81,0,81,55,26,206,712,234,0,234,234,0,478,389,253,0,253,253,0,136,398,333,0,333,333,0,65
24641,2603,421,142,0,142,121,21,279,887,521,0,521,492,29,366,797,520,0,520,460,60,277,498,334,0,334,305,29,164
24646,383,65,38,0,38,38,0,27,232,24,0,24,24,0,208,86,30,0,30,30,0,56,0,0,0,0,0,0,0
24649,1763,276,107,0,107,107,0,169,749,351,0,351,318,33,398,583,358,0,358,318,40,225,155,121,0,121,92,29,34
24651,2803,241,39,0,39,39,0,202,964,652,0,652,652,0,312,1099,816,0,816,794,22,283,499,434,0,434,420,14,65
24656,1341,323,32,0,32,24,8,291,549,273,0,273,273,0,276,360,268,0,268,261,7,92,109,69,0,69,69,0,40
24657,303,102,39,0,39,39,0,63,135,3,0,3,3,0,132,33,5,0,5,5,0,28,33,30,0,30,30,0,3
37642,7823,480,307,0,307,250,57,173,3203,1852,15,1837,1673,164,1351,2768,2152,0,2152,1943,209,616,1372,1172,0,1172,1161,11,200
