ZIP,Total Population
20105,34475
20106,4554
20109,43849
20110,49120
20111,38883
20112,29459
20115,6536
20117,2746
20119,4263
20120,42697
20121,28901
20124,14999
20129,482
20130,359
20132,18483
20135,2935
20136,31622
20137,1801
20141,8178
20143,1124
20144,1096
20147,66394
20148,61793
20151,22653
20152,37013
20155,37218
20158,4639
20164,40888
20165,33777
20166,14164
20169,28182
20170,42756
20171,51759
20175,33245
20176,51777
20180,8073
20181,9765
20184,735
20186,15171
20187,18888
20190,20957
20191,29948
20194,13171
20197,2558
20198,2440
22003,59372
22015,43941
22025,18470
22026,20225
22027,2330
22030,60431
22031,35256
22032,29909
22033,40692
22035,22
22039,18278
22041,28039
22042,34638
22043,25850
22044,13847
22046,18576
22060,9677
22066,18165
22079,35225
22101,31414
22102,27743
22124,18488
22125,917
22134,7357
22150,27955
22151,18026
22152,29843
22153,32697
22172,10679
22180,26666
22181,15555
22182,27778
22191,74189
22192,60299
22193,83064
22201,39331
22202,28472
22203,25437
22204,52761
22205,18594
22206,21645
22207,33734
22209,14859
22211,924
22213,3600
22214,0
22301,14356
22302,17972
22303,16109
22304,49237
22305,17849
22306,33330
22307,10271
22308,13935
22309,33773
22310,29611
22311,19934
22312,30447
22314,35784
22315,28184
22401,27799
22405,34430
22406,27129
22407,62668
22408,32043
22427,3379
22432,351
22433,192
22435,2124
22436,618
22437,694
22438,426
22443,9151
22448,724
22454,1994
22460,1817
22469,1722
22472,1023
22473,5409
22476,333
22480,850
22482,2794
22485,26025
22488,1211
22503,3997
22504,251
22508,14748
22509,74
22511,1143
22514,2605
22520,5659
22529,276
22534,3102
22535,667
22538,255
22539,2113
22542,2048
22546,17757
22548,88
22551,21236
22553,16476
22554,64354
22556,29688
22560,6465
22567,2949
22572,6283
22576,1672
22578,2449
22580,5293
22601,29720
22602,30865
22603,16298
22610,2125
22611,9176
22620,2595
22623,660
22624,2595
22625,3784
22627,668
22630,33829
22637,2122
22639,664
22640,498
22641,299
22642,4701
22643,362
22644,2381
22645,4208
22646,80
22650,962
22652,1535
22654,894
22655,22395
22656,5454
22657,11974
22660,1715
22663,1761
22664,9383
22701,37411
22709,945
22711,148
22712,10587
22713,1454
22714,921
22715,1124
22716,883
22718,690
22719,312
22720,916
22722,238
22723,114
22724,2400
22725,38
22726,766
22727,5495
22728,3133
22729,1192
22730,157
22731,316
22732,325
22733,1391
22734,3470
22735,2259
22736,620
22737,3382
22738,1225
22740,1240
22741,226
22742,1726
22743,145
22746,216
22747,1081
22749,469
22801,40460
22802,28383
22807,5575
22810,798
22811,435
22812,9799
22815,9083
22820,281
22821,5848
22824,6070
22827,10769
22830,1671
22831,918
22832,1181
22834,1354
22835,11561
22840,4524
22841,3047
22842,5215
22843,2374
22844,4599
22845,72
22846,2254
22847,993
22849,4891
22850,971
22851,5771
22853,4608
22901,36938
22902,22457
22903,42170
22904,4917
22908,0
22911,19236
22920,4192
22922,1997
22923,5819
22931,357
22932,10443
22935,1068
22936,5356
22937,1401
22938,1314
22939,6478
22940,1081
22942,9435
22943,543
22946,182
22947,5000
22948,252
22949,1322
22952,1939
22957,5
22958,1981
22959,1712
22960,11067
22963,16279
22964,193
22967,1857
22968,10632
22969,1313
22971,1709
22972,391
22973,6588
22974,5427
22976,307
22980,33049
22989,170
23002,10555
23004,759
23005,17818
23009,7737
23011,1555
23015,4590
23021,78
23022,910
23023,395
23024,9108
23025,531
23027,1345
23030,4678
23032,252
23035,1410
23038,1935
23039,1124
23040,4555
23043,1627
23045,133
23047,2064
23050,671
23055,831
23056,425
23059,40249
23060,38288
23061,22256
23062,2652
23063,5527
23065,1602
23066,578
23068,241
23069,3835
23070,463
23071,1567
23072,12312
23075,10236
23076,433
23079,401
23081,8
23083,2180
23084,1842
23085,384
23086,3416
23089,5507
23091,329
23092,657
23093,14170
23102,3195
23103,5836
23106,960
23108,149
23109,1806
23110,687
23111,38151
23112,54592
23113,26190
23114,21160
23116,32410
23117,10324
23119,289
23120,14424
23123,1827
23124,4879
23126,459
23128,707
23129,300
23130,163
23138,1156
23139,27015
23140,5956
23141,7739
23146,3151
23147,5
23148,1504
23149,3031
23150,12556
23153,1609
23156,1472
23160,1009
23161,130
23163,186
23168,8624
23169,1077
23173,2098
23175,1931
23176,732
23177,612
23180,438
23181,5626
23185,51566
23188,45438
23192,6592
23219,5307
23220,36942
23221,14841
23222,24337
23223,51960
23224,39468
23225,40876
23226,16955
23227,25283
23228,36384
23229,34471
23230,8263
23231,37455
23233,32610
23234,46610
23235,34058
23236,27516
23237,24906
23238,26200
23250,0
23284,3074
23294,18538
23298,28
23301,1600
23302,78
23303,685
23304,101
23306,1066
23307,547
23308,2068
23310,5260
23314,9523
23315,1479
23316,107
23320,60412
23321,37752
23322,66994
23323,42736
23324,24239
23325,17601
23336,3345
23337,524
23347,447
23350,3433
23354,327
23356,1736
23357,730
23358,123
23359,653
23389,180
23395,922
23398,83
23401,168
23405,1075
23407,313
23408,49
23409,149
23410,2440
23413,799
23414,96
23415,2021
23416,330
23417,3625
23418,1010
23420,2387
23421,4172
23422,226
23423,384
23426,140
23427,173
23430,18232
23432,1539
23433,1291
23434,51430
23435,32597
23436,962
23437,4448
23438,1839
23440,438
23441,53
23442,1074
23451,44879
23452,59076
23453,36292
23454,58665
23455,50599
23456,59454
23457,4481
23459,1055
23460,1227
23461,603
23462,68045
23464,75118
23480,331
23486,148
23487,6397
23488,173
23502,20547
23503,31932
23504,22465
23505,27785
23507,6460
23508,20485
23509,12963
23510,8778
23511,12831
23513,29105
23517,5237
23518,30278
23523,7061
23551,2054
23601,25729
23602,42004
23603,3526
23604,5160
23605,14053
23606,31684
23607,23498
23608,43943
23651,494
23661,13771
23662,12460
23663,13374
23664,10301
23665,5935
23666,52845
23667,80
23668,739
23669,41030
23681,0
23690,3937
23691,577
23692,19539
23693,23814
23696,3805
23701,24629
23702,12239
23703,26388
23704,19505
23707,14316
23708,120
23709,624
23801,9874
23803,44377
23805,19656
23821,1778
23824,7021
23827,1273
23828,431
23829,2473
23830,1678
23831,37216
23832,39640
23833,2147
23834,26635
23836,14643
23837,4109
23838,16997
23839,848
23840,1642
23841,3509
23842,7103
23843,538
23844,691
23845,358
23846,872
23847,12768
23850,1081
23851,13258
23856,888
23857,399
23860,32139
23866,2189
23867,5298
23868,6379
23870,7
23872,2322
23874,986
23875,11791
23876,435
23878,1162
23879,629
23881,1876
23882,2219
23883,2169
23884,50
23885,2779
23887,529
23888,2124
23889,569
23890,3988
23891,1917
23893,419
23894,626
23897,563
23898,2186
23899,292
23901,14967
23909,1329
23915,1196
23917,2704
23919,2310
23920,3182
23921,2060
23922,4300
23923,2474
23924,5538
23927,4483
23930,5231
23934,811
23936,7850
23937,1841
23938,416
23942,1123
23943,759
23944,3620
23947,4119
23950,3482
23952,219
23954,2030
23955,21
23958,3261
23959,1127
23960,1823
23962,660
23963,454
23964,997
23966,2449
23967,840
23968,804
23970,8002
23974,4700
23976,187
24011,908
24012,30037
24013,7835
24014,16869
24015,15973
24016,9371
24017,23902
24018,39144
24019,27630
24020,524
24022,0
24053,2356
24054,6208
24055,12236
24058,316
24059,1037
24060,46755
24061,9836
24064,5017
24065,6267
24066,4787
24067,2400
24069,1805
24070,1375
24072,1450
24073,32093
24076,1050
24077,922
24078,7062
24079,1631
24082,412
24083,3814
24084,10894
24085,2220
24086,198
24087,3604
24088,4805
24089,2388
24090,4712
24091,7416
24092,2999
24093,185
24095,4275
24101,6490
24102,1508
24104,3551
24105,449
24112,30978
24120,1858
24121,10537
24122,1624
24124,4370
24127,3980
24128,1767
24129,29
24131,106
24132,460
24133,2345
24134,5638
24136,3259
24137,2506
24138,1445
24139,560
24141,20308
24142,2608
24147,1088
24148,7633
24149,3632
24150,691
24151,18785
24153,38728
24161,393
24162,2254
24165,1655
24167,329
24168,214
24171,8090
24174,2362
24175,8165
24176,1527
24179,19024
24184,4582
24185,796
24201,16267
24202,12716
24210,17284
24211,9864
24216,2441
24217,407
24219,10429
24220,621
24221,785
24224,5438
24225,1674
24226,1260
24228,6418
24230,7708
24236,2984
24237,1108
24239,90
24243,1867
24244,5398
24245,1000
24246,399
24248,2181
24250,1209
24251,8405
24256,3124
24258,1259
24260,5072
24263,5770
24265,703
24266,8705
24269,225
24270,455
24271,2538
24272,517
24273,5730
24277,6463
24279,4693
24280,772
24281,2279
24282,454
24283,2133
24290,1777
24292,352
24293,9442
24301,14040
24311,1705
24312,2161
24313,923
24314,1332
24315,3548
24316,47
24317,3756
24318,601
24319,6500
24322,190
24323,692
24324,2012
24325,975
24326,1019
24327,684
24328,1999
24330,3056
24333,17309
24340,5319
24343,8849
24347,1767
24348,4725
24350,1173
24351,528
24352,929
24354,14446
24360,5653
24361,4555
24363,1242
24366,631
24368,4896
24370,5832
24374,705
24375,1451
24377,278
24378,1065
24380,2696
24381,3657
24382,14109
24401,38522
24411,35
24412,106
24413,220
24415,63
24416,8888
24421,3723
24422,5821
24426,13695
24430,2858
24431,2712
24432,283
24433,96
24435,1695
24437,1048
24439,1119
24440,2742
24441,6327
24442,88
24445,2289
24448,311
24450,17654
24457,372
24458,364
24459,734
24460,1493
24464,138
24465,1305
24467,2204
24469,16
24471,1471
24472,2501
24473,871
24474,360
24476,315
24477,11269
24479,1485
24482,5200
24483,670
24484,699
24485,438
24486,3826
24487,286
24501,27160
24502,41058
24503,19810
24504,9585
24515,6685
24517,5306
24520,2308
24521,9902
24522,10041
24523,18992
24526,1408
24527,2796
24528,2994
24529,1532
24530,1062
24531,8836
24534,1471
24536,317
24538,4729
24539,124
24540,32094
24541,27529
24549,4121
24550,7772
24551,25601
24553,1827
24554,3952
24555,2012
24556,3357
24557,7550
24558,6036
24562,467
24563,5028
24565,907
24566,1325
24569,938
24570,41
24571,1904
24572,16399
24574,3868
24577,4821
24578,1043
24579,1304
24580,582
24581,38
24586,5124
24588,9196
24589,2092
24590,7909
24592,13453
24593,2132
24594,1595
24595,522
24597,1171
24598,1785
24599,621
24601,59
24602,787
24603,804
24604,167
24605,9104
24606,158
24607,322
24609,6620
24612,293
24613,849
24614,7252
24620,2208
24622,987
24630,5971
24631,2578
24634,446
24635,766
24637,3302
24639,3099
24641,5377
24646,607
24649,2242
24651,5976
24656,2875
24657,258
27048,7910
28675,6138
37642,15041
37752,6421
